Chromosome,Gene,Motif,BED_Start,BED_End,Motif Type,Position,A(+)T(-),T(+)A(-),C(+)G(-),G(+)C(-),Sum_nm,A->G Ratio,A->T/(A->G+A->T) Ratio
NC_001328.1,MTCE.8,TTCAAGAA,710,717,dimer,"[716, 717, 710, 711]",11214.0,18.0,18.0,1751.0,13001.0,0.4313469650954203,0.0469048174868732
NC_001328.1,MTCE.8,TTCCAGAA,1028,1035,dimer,"[1034, 1035, 1028, 1029]",11576.0,15.0,23.0,1363.0,12977.0,0.4009532763047338,0.0506646000885977
NC_001328.1,MTCE.8,GAATTTTC,1137,1144,dimer,"[1138, 1139, 1142, 1143]",25314.0,60.0,69.0,3747.0,29190.0,0.4614458025605328,0.07189451146625539
NC_001328.1,MTCE.17,GAATTTTC,3021,3028,dimer,"[3022, 3023, 3026, 3027]",13994.0,24.0,30.0,1115.0,15163.0,0.2932383294024224,0.08609827958053891
NC_001328.1,MTCE.17,GAAACTTC,4198,4205,dimer,"[4199, 4200, 4203, 4204]",38179.0,50.0,97.0,2779.0,41105.0,0.23125995562456728,0.0732318720391424
NC_003279.8,Y71G12B.18,GAATATTC,1651189,1651196,dimer,"[1651190, 1651191, 1651194, 1651195]",311.0,4.0,1.0,37.0,353.0,0.4174783085598569,0.3833333333333333
NC_003279.8,Y71G12B.18,GAAAATTC,1651243,1651250,dimer,"[1651244, 1651245, 1651248, 1651249]",412.0,0.0,2.0,9.0,423.0,0.0917094644167277,0.0
NC_003279.8,Y71G12B.18,gaattttcccgaa,1652703,1652715,trimer,"[1652704, 1652705, 1652714, 1652715, 1652708, 1652709]",511.0,4.0,0.0,51.0,566.0,0.5674468372581579,0.2222222222222222
NC_003279.8,K02F2.11,TTCCGGAA,6833522,6833529,dimer,"[6833528, 6833529, 6833522, 6833523]",628.0,0.0,1.0,67.0,696.0,0.36776302844735603,0.0
NC_003279.8,K02F2.11,ttcaggaa,6833851,6833858,dimer,"[6833857, 6833858, 6833851, 6833852]",374.0,0.0,0.0,28.0,402.0,0.2687571127938098,0.0
NC_003279.8,K02F2.11,ttcaggaa,6834561,6834568,dimer,"[6834567, 6834568, 6834561, 6834562]",1172.0,0.0,2.0,58.0,1232.0,0.2068902360000707,0.0
NC_003279.8,K02F2.11,TTCTAGAA,6835112,6835119,dimer,"[6835118, 6835119, 6835112, 6835113]",503.0,9.0,1.0,29.0,542.0,0.21215578988431,0.6339285714285714
NC_003279.8,R11A5.3,GAACTTTCTGGAA,7863636,7863648,trimer,"[7863637, 7863638, 7863647, 7863648, 7863641, 7863642]",1720.0,2.0,6.0,158.0,1886.0,0.3687224146657347,0.028169014084507
NC_003279.8,R11A5.3,GAACATTC,7865258,7865265,dimer,"[7865259, 7865260, 7865263, 7865264]",268.0,0.0,0.0,36.0,304.0,0.4738688541505441,0.0
NC_003279.8,hsp-70,TTCTAGAACCTTC,9322580,9322592,trimer,"[9322586, 9322587, 9322580, 9322581, 9322590, 9322591]",736.0,0.0,2.0,73.0,811.0,0.532810071785735,0.0
NC_003279.8,hsp-70,GAACGTTC,9322692,9322699,dimer,"[9322693, 9322694, 9322697, 9322698]",900.0,0.0,2.0,34.0,936.0,0.1510821828182785,0.0
NC_003279.8,hsp-70,GAACTTTC,9322824,9322831,dimer,"[9322825, 9322826, 9322829, 9322830]",868.0,0.0,4.0,51.0,923.0,0.2246505877327534,0.0
NC_003279.8,hsp-70,ttccaGAA,9323232,9323239,dimer,"[9323238, 9323239, 9323232, 9323233]",441.0,0.0,1.0,22.0,464.0,0.1928571428571427,0.0
NC_003279.8,hsp-70,GAATCTTC,9323432,9323439,dimer,"[9323433, 9323434, 9323437, 9323438]",1007.0,0.0,3.0,49.0,1059.0,0.1842149600127635,0.0
NC_003279.8,hsp-70,GAAGATTC,9323504,9323511,dimer,"[9323505, 9323506, 9323509, 9323510]",548.0,0.0,0.0,37.0,585.0,0.2657799103451275,0.0
NC_003279.8,hsp-70,TTCGAGAA,9323534,9323541,dimer,"[9323540, 9323541, 9323534, 9323535]",372.0,2.0,3.0,31.0,408.0,0.31740406468174154,0.1666666666666666
NC_003279.8,R05D7.2,gaaagttc,12164927,12164934,dimer,"[12164928, 12164929, 12164932, 12164933]",632.0,0.0,3.0,38.0,673.0,0.2198164113297219,0.0
NC_003279.8,R05D7.2,GAACTTTc,12165046,12165053,dimer,"[12165047, 12165048, 12165051, 12165052]",347.0,2.0,1.0,22.0,372.0,0.2717770034843204,0.25
NC_003279.8,bath-34,GAAGTTTC,12748324,12748331,dimer,"[12748325, 12748326, 12748329, 12748330]",409.0,0.0,0.0,28.0,437.0,0.24431821159944428,0.0
NC_003279.8,bath-34,ttcgcgaa,12748614,12748621,dimer,"[12748620, 12748621, 12748614, 12748615]",333.0,0.0,1.0,33.0,367.0,0.36534280062960517,0.0
NC_003279.8,bath-34,gaattttc,12748695,12748702,dimer,"[12748696, 12748697, 12748700, 12748701]",756.0,2.0,5.0,46.0,809.0,0.2051812526663473,0.0869565217391304
NC_003279.8,rpr-1,gaattttc,13462041,13462048,dimer,"[13462042, 13462043, 13462046, 13462047]",406.0,0.0,1.0,17.0,424.0,0.1595779842048497,0.0
NC_003279.8,rpr-1,GAAAATTC,13462668,13462675,dimer,"[13462669, 13462670, 13462673, 13462674]",672.0,2.0,1.0,34.0,709.0,0.2162917482242263,0.4
NC_003279.8,rpr-1,gaaaattc,13462906,13462913,dimer,"[13462907, 13462908, 13462911, 13462912]",701.0,0.0,2.0,41.0,744.0,0.2212539478301554,0.0
NC_003279.8,Y6B3B.2,gaaaattc,13712352,13712359,dimer,"[13712353, 13712354, 13712357, 13712358]",293.0,0.0,1.0,43.0,337.0,0.5082965912862084,0.0
NC_003279.8,Y6B3B.2,ttcatgaa,13712425,13712432,dimer,"[13712431, 13712432, 13712425, 13712426]",460.0,0.0,0.0,51.0,511.0,0.3831762557601482,0.0
NC_003279.8,Y6B3B.2,TTCTAGAA,13712755,13712762,dimer,"[13712761, 13712762, 13712755, 13712756]",488.0,0.0,1.0,10.0,499.0,0.0900379720777497,0.0
NC_003279.8,Y6B3B.2,GAAACTTC,13713220,13713227,dimer,"[13713221, 13713222, 13713225, 13713226]",351.0,0.0,1.0,17.0,369.0,0.205729752780772,0.0
NC_003279.8,dnj-12,TTCTGGAA,14755458,14755465,dimer,"[14755464, 14755465, 14755458, 14755459]",573.0,1.0,0.0,56.0,630.0,0.31893630629894865,0.0357142857142857
NC_003279.8,dnj-12,Ttcatgaa,14756630,14756637,dimer,"[14756636, 14756637, 14756630, 14756631]",208.0,0.0,1.0,18.0,227.0,0.2806324110671936,0.0
NC_003279.8,dnj-12,GAATGTTCACGAA,14756859,14756871,trimer,"[14756860, 14756861, 14756870, 14756871, 14756864, 14756865]",585.0,2.0,1.0,37.0,625.0,0.3429849202784982,0.4
NC_003280.10,F28A10.9,GAATGTTC,836222,836229,dimer,"[836223, 836224, 836227, 836228]",930.0,4.0,2.0,71.0,1007.0,0.28058755760368637,0.2666666666666666
NC_003280.10,F28A10.9,TTCACGAA,836856,836863,dimer,"[836862, 836863, 836856, 836857]",885.0,6.0,1.0,53.0,945.0,0.2173687413991089,0.4025974025974025
NC_003280.10,F28A10.9,GAatattc,837198,837205,dimer,"[837199, 837200, 837203, 837204]",1617.0,2.0,0.0,163.0,1782.0,0.3358541320573463,0.0377358490566037
NC_003280.10,clec-20,gaaaattc,1595383,1595390,dimer,"[1595384, 1595385, 1595388, 1595389]",701.0,0.0,3.0,80.0,784.0,0.36757831334838853,0.0
NC_003280.10,clec-20,ttcgcgaa,1596437,1596444,dimer,"[1596443, 1596444, 1596437, 1596438]",2202.0,3.0,3.0,143.0,2351.0,0.2475863626123534,0.0757142857142857
NC_003280.10,clec-20,ttcaagaa,1596570,1596577,dimer,"[1596576, 1596577, 1596570, 1596571]",11031.0,17.0,27.0,548.0,11623.0,0.21125690923798648,0.112266734522634
NC_003280.10,clec-20,TTCGGGAA,1596830,1596837,dimer,"[1596836, 1596837, 1596830, 1596831]",1431.0,7.0,10.0,127.0,1575.0,0.3278584781330254,0.1420377867746288
NC_003280.10,math-6,gaaacttc,1885420,1885427,dimer,"[1885421, 1885422, 1885425, 1885426]",534.0,0.0,2.0,24.0,560.0,0.17509991634910288,0.0
NC_003280.10,math-6,TTctcgaa,1885872,1885879,dimer,"[1885878, 1885879, 1885872, 1885873]",443.0,1.0,1.0,56.0,501.0,0.4571748264523199,0.1428571428571428
NC_003280.10,fbxb-118,ttcttgaa,4064858,4064865,dimer,"[4064864, 4064865, 4064858, 4064859]",590.0,0.0,2.0,47.0,639.0,0.3151650457607855,0.0
NC_003280.10,fbxb-118,GAAATTTC,4064930,4064937,dimer,"[4064931, 4064932, 4064935, 4064936]",554.0,0.0,0.0,15.0,569.0,0.115128903275214,0.0
NC_003280.10,fbxb-118,gaaatttc,4065131,4065138,dimer,"[4065132, 4065133, 4065136, 4065137]",556.0,0.0,0.0,43.0,599.0,0.29153612830606473,0.0
NC_003280.10,C27D6.1,ttcctgaa,5171700,5171707,dimer,"[5171706, 5171707, 5171700, 5171701]",319.0,0.0,1.0,14.0,334.0,0.14117924740367752,0.0
NC_003280.10,C27D6.1,GAAGGTTC,5171876,5171883,dimer,"[5171877, 5171878, 5171881, 5171882]",399.0,0.0,1.0,45.0,445.0,0.42216003927344115,0.0
NC_003280.10,clec-142,TTCTTGAA,8277892,8277899,dimer,"[8277898, 8277899, 8277892, 8277893]",808.0,1.0,1.0,82.0,892.0,0.3462469550081933,0.0714285714285714
NC_003280.10,lact-4,GAAAGTTC,8480667,8480674,dimer,"[8480668, 8480669, 8480672, 8480673]",919.0,0.0,0.0,50.0,969.0,0.2187919651340955,0.0
NC_003280.10,lact-4,TTCTCGAA,8481249,8481256,dimer,"[8481255, 8481256, 8481249, 8481250]",563.0,2.0,0.0,56.0,621.0,0.41636363636363627,0.1
NC_003280.10,lact-4,GAACATTC,8481830,8481837,dimer,"[8481831, 8481832, 8481835, 8481836]",401.0,0.0,3.0,44.0,448.0,0.43861728165566793,0.0
NC_003280.10,lact-4,TTCATGAA,8482166,8482173,dimer,"[8482172, 8482173, 8482166, 8482167]",1030.0,0.0,0.0,70.0,1100.0,0.2520466233412756,0.0
NC_003280.10,lact-4,GAATGTTC,8482326,8482333,dimer,"[8482327, 8482328, 8482331, 8482332]",885.0,0.0,4.0,82.0,971.0,0.33042893490205416,0.0
NC_003280.10,scp-1,TTCCAGAA,9332666,9332673,dimer,"[9332672, 9332673, 9332666, 9332667]",606.0,4.0,2.0,64.0,676.0,0.38040602714515737,0.2238095238095237
NC_003280.10,scp-1,TTCACGAA,9333591,9333598,dimer,"[9333597, 9333598, 9333591, 9333592]",524.0,0.0,1.0,39.0,564.0,0.23894950570727858,0.0
NC_003280.10,dnj-13,GAAGCTTC,11543765,11543772,dimer,"[11543766, 11543767, 11543770, 11543771]",867.0,2.0,2.0,56.0,927.0,0.2480136760586586,0.5
NC_003280.10,dnj-13,GAACTTTC,11543820,11543827,dimer,"[11543821, 11543822, 11543825, 11543826]",584.0,0.0,1.0,44.0,629.0,0.31613282087379757,0.0
NC_003280.10,dnj-13,TTCAGGAA,11544026,11544033,dimer,"[11544032, 11544033, 11544026, 11544027]",790.0,0.0,3.0,43.0,836.0,0.2069874113482801,0.0
NC_003280.10,dnj-13,GAACGTTC,11544662,11544669,dimer,"[11544663, 11544664, 11544667, 11544668]",535.0,0.0,0.0,41.0,576.0,0.2639154598557,0.0
NC_003280.10,dnj-13,GAAACTTC,11545281,11545288,dimer,"[11545282, 11545283, 11545286, 11545287]",570.0,10.0,0.0,41.0,621.0,0.2514124293785309,0.4
NC_003280.10,dnj-13,TTCCAGaatattc,11545292,11545304,trimer,"[11545298, 11545299, 11545292, 11545293, 11545302, 11545303]",994.0,0.0,1.0,63.0,1058.0,0.4016692238879213,0.0
NC_003280.10,dnj-13,GAAAGTTC,11545515,11545522,dimer,"[11545516, 11545517, 11545520, 11545521]",551.0,0.0,1.0,70.0,622.0,0.4531029911343108,0.0
NC_003280.10,F44E5.5,GAATGTTC,11757770,11757777,dimer,"[11757771, 11757772, 11757775, 11757776]",341.0,0.0,0.0,21.0,362.0,0.212765721016546,0.0
NC_003280.10,F44E5.5,gaattttc,11758108,11758115,dimer,"[11758109, 11758110, 11758113, 11758114]",404.0,1.0,0.0,52.0,457.0,0.36170999788628183,0.3333333333333333
NC_003280.10,F44E5.5,TTCCGGAA,11758212,11758219,dimer,"[11758218, 11758219, 11758212, 11758213]",724.0,0.0,2.0,31.0,757.0,0.1497231450719821,0.0
NC_003280.10,F44E5.4,TTCTAGAAgcttctggaatattc,11759359,11759381,pentamer,"[11759365, 11759366, 11759375, 11759376, 11759359, 11759360, 11759369, 11759370, 11759379, 11759380]",1441.0,0.0,5.0,72.0,1518.0,0.5459950514406279,0.0
NC_003280.10,F44E5.4,TTCGAGAACGTTCTAGAACCTTC,11759431,11759453,pentamer,"[11759437, 11759438, 11759447, 11759448, 11759431, 11759432, 11759441, 11759442, 11759451, 11759452]",1601.0,0.0,7.0,110.0,1718.0,0.6786366263244847,0.0
NC_003280.10,F44E5.4,GAATGttcgagaa,11759530,11759542,trimer,"[11759531, 11759532, 11759541, 11759542, 11759535, 11759536]",991.0,0.0,2.0,56.0,1049.0,0.22046312607473972,0.0
NC_003280.10,F44E5.4,gaatattccagaagcTTCTAGAA,11759582,11759604,pentamer,"[11759583, 11759584, 11759593, 11759594, 11759603, 11759604, 11759587, 11759588, 11759597, 11759598]",1279.0,0.0,3.0,76.0,1358.0,0.6105458251572524,0.0
NC_003280.10,F44E5.4,TTCCGGAA,11760744,11760751,dimer,"[11760750, 11760751, 11760744, 11760745]",633.0,0.0,3.0,34.0,670.0,0.2019080695101677,0.0
NC_003280.10,F44E5.4,gaaaattc,11760848,11760855,dimer,"[11760849, 11760850, 11760853, 11760854]",469.0,1.0,2.0,61.0,533.0,0.4576972820904961,0.2
NC_003280.10,F44E5.4,GAACATTC,11761186,11761193,dimer,"[11761187, 11761188, 11761191, 11761192]",353.0,0.0,2.0,10.0,365.0,0.11796518405228049,0.0
NC_003280.10,col-84,TTCCTGAA,11868077,11868084,dimer,"[11868083, 11868084, 11868077, 11868078]",1607.0,3.0,2.0,158.0,1770.0,0.3300550382016208,0.0434782608695652
NC_003280.10,col-84,TTCGCGAA,11868214,11868221,dimer,"[11868220, 11868221, 11868214, 11868215]",937.0,1.0,0.0,109.0,1047.0,0.3887300902701413,0.0256410256410256
NC_003280.10,col-84,GAAGCTTC,11868417,11868424,dimer,"[11868418, 11868419, 11868422, 11868423]",521.0,0.0,0.0,36.0,557.0,0.2501832895664523,0.0
NC_003280.10,nspe-2,TTCATGAA,12620414,12620421,dimer,"[12620420, 12620421, 12620414, 12620415]",425.0,0.0,1.0,21.0,447.0,0.1864219055008526,0.0
NC_003280.10,nspe-2,TTCTTGAA,12621045,12621052,dimer,"[12621051, 12621052, 12621045, 12621046]",1150.0,4.0,2.0,113.0,1269.0,0.3554281539356165,0.1017421602787455
NC_003280.10,nspe-5,Gaactttc,12627036,12627043,dimer,"[12627037, 12627038, 12627041, 12627042]",1012.0,4.0,3.0,54.0,1073.0,0.2480632597158019,0.3555555555555555
NC_003280.10,nspe-5,TTCCAGAA,12627180,12627187,dimer,"[12627186, 12627187, 12627180, 12627181]",584.0,0.0,3.0,74.0,661.0,0.44574971483567394,0.0
NC_003280.10,nspe-5,TTCAGGAA,12627730,12627737,dimer,"[12627736, 12627737, 12627730, 12627731]",277.0,1.0,0.0,42.0,320.0,0.573228065199006,0.0625
NC_003280.10,nspe-5,GAATATTC,12627901,12627908,dimer,"[12627902, 12627903, 12627906, 12627907]",747.0,1.0,2.0,28.0,778.0,0.15523362542270291,0.5
NC_003280.10,nspe-5,GAAAATTC,12628328,12628335,dimer,"[12628329, 12628330, 12628333, 12628334]",61.0,0.0,0.0,5.0,66.0,0.3846153846153846,0.0
NC_003280.10,nspe-5,TTCTAGAA,12628677,12628684,dimer,"[12628683, 12628684, 12628677, 12628678]",951.0,1.0,0.0,85.0,1037.0,0.32170367118463994,0.0526315789473684
NC_003280.10,nspe-5,TTCGAGAA,12628847,12628854,dimer,"[12628853, 12628854, 12628847, 12628848]",905.0,2.0,2.0,40.0,949.0,0.1710952468592494,0.1333333333333333
NC_003280.10,nurf-1,GAAAATTC,14388892,14388899,dimer,"[14388893, 14388894, 14388897, 14388898]",827.0,0.0,4.0,27.0,858.0,0.1246633193369169,0.0
NC_003280.10,nurf-1,gaaCATTC,14390671,14390678,dimer,"[14390672, 14390673, 14390676, 14390677]",1024.0,3.0,3.0,144.0,1174.0,0.4914194409513411,0.09528130671506349
NC_003280.10,C04H5.7,GAAATTTC,14536820,14536827,dimer,"[14536821, 14536822, 14536825, 14536826]",412.0,0.0,0.0,39.0,451.0,0.347902302125477,0.0
NC_003280.10,C04H5.7,ttctagaa,14536919,14536926,dimer,"[14536925, 14536926, 14536919, 14536920]",431.0,0.0,0.0,23.0,454.0,0.2089413265306122,0.0
NC_003280.10,C04H5.7,ttcttgaa,14537576,14537583,dimer,"[14537582, 14537583, 14537576, 14537577]",1039.0,0.0,1.0,31.0,1071.0,0.11498998686787171,0.0
NC_003280.10,C01G12.14,ttcttgaa,14569904,14569911,dimer,"[14569910, 14569911, 14569904, 14569905]",388.0,0.0,0.0,37.0,425.0,0.34693686771673704,0.0
NC_003280.10,C01G12.14,gaagtttc,14570209,14570216,dimer,"[14570210, 14570211, 14570214, 14570215]",92.0,0.0,0.0,1.0,93.0,0.0476190476190476,0.0
NC_003280.10,C01G12.14,gaattttc,14570492,14570499,dimer,"[14570493, 14570494, 14570497, 14570498]",295.0,0.0,1.0,9.0,305.0,0.1102642971064023,0.0
NC_003280.10,C01G12.14,gaaatttc,14570528,14570535,dimer,"[14570529, 14570530, 14570533, 14570534]",281.0,0.0,0.0,29.0,310.0,0.29999999999999993,0.0
NC_003280.10,C01G12.14,gaattttc,14571203,14571210,dimer,"[14571204, 14571205, 14571208, 14571209]",125.0,0.0,0.0,12.0,137.0,0.306079484425349,0.0
NC_003280.10,C01G12.14,GAAATTTC,14571277,14571284,dimer,"[14571278, 14571279, 14571282, 14571283]",147.0,0.0,1.0,13.0,161.0,0.37715919701213807,0.0
NC_003280.10,lfor-1,gaaaattC,14637661,14637668,dimer,"[14637662, 14637663, 14637666, 14637667]",436.0,0.0,1.0,35.0,472.0,0.2976204623971343,0.0
NC_003280.10,lfor-2,gaaatttc,14642168,14642175,dimer,"[14642169, 14642170, 14642173, 14642174]",748.0,1.0,1.0,48.0,798.0,0.2414546467178044,0.0833333333333333
NC_003280.10,lfor-2,TTCCTGAA,14642451,14642458,dimer,"[14642457, 14642458, 14642451, 14642452]",603.0,0.0,0.0,15.0,618.0,0.10103328864977079,0.0
NC_003280.10,lfor-2,TTCAAGAA,14642623,14642630,dimer,"[14642629, 14642630, 14642623, 14642624]",554.0,0.0,1.0,33.0,588.0,0.2124269360958057,0.0
NC_003280.10,lfor-2,GAAACTTC,14642803,14642810,dimer,"[14642804, 14642805, 14642808, 14642809]",989.0,6.0,1.0,66.0,1062.0,0.22710342952841198,0.1363636363636363
NC_003280.10,lfor-2,gaaaattc,14643473,14643480,dimer,"[14643474, 14643475, 14643478, 14643479]",441.0,0.0,2.0,33.0,476.0,0.2789711701526284,0.0
NC_003281.10,dpy-17,gaaaattc,5105882,5105889,dimer,"[5105883, 5105884, 5105887, 5105888]",1014.0,0.0,1.0,95.0,1110.0,0.3497214450636307,0.0
NC_003281.10,dpy-17,TTCTCGAA,5106236,5106243,dimer,"[5106242, 5106243, 5106236, 5106237]",760.0,0.0,2.0,13.0,775.0,0.0700969928415476,0.0
NC_003281.10,dpy-17,GAAGCTTC,5106743,5106750,dimer,"[5106744, 5106745, 5106748, 5106749]",362.0,0.0,0.0,14.0,376.0,0.1597985347985347,0.0
NC_003281.10,dpy-17,TTCTAGAA,5107306,5107313,dimer,"[5107312, 5107313, 5107306, 5107307]",387.0,0.0,2.0,22.0,411.0,0.21541229979755752,0.0
NC_003281.10,C16A3.15,GAACCTTC,6373227,6373234,dimer,"[6373228, 6373229, 6373232, 6373233]",1894.0,10.0,2.0,151.0,2057.0,0.2724132253315313,0.1408450704225352
NC_003281.10,ZC21.10,TTCGAGAA,8529077,8529084,dimer,"[8529083, 8529084, 8529077, 8529078]",400.0,0.0,1.0,39.0,440.0,0.32737100772641153,0.0
NC_003281.10,R107.5,TTCGGGAA,9054021,9054028,dimer,"[9054027, 9054028, 9054021, 9054022]",783.0,0.0,1.0,46.0,830.0,0.24164692067790322,0.0
NC_003281.10,R107.5,TTCTAGAAGGTTC,9054041,9054053,trimer,"[9054047, 9054048, 9054041, 9054042, 9054051, 9054052]",1312.0,3.0,4.0,37.0,1356.0,0.1788204924410102,0.375
NC_003281.10,R107.5,GAAGTTTC,9054154,9054161,dimer,"[9054155, 9054156, 9054159, 9054160]",416.0,2.0,0.0,25.0,443.0,0.2332474070051851,0.1538461538461538
NC_003281.10,R107.5,TTCAAGAA,9054317,9054324,dimer,"[9054323, 9054324, 9054317, 9054318]",561.0,0.0,1.0,77.0,639.0,0.4787488571168553,0.0
NC_003281.10,R107.5,ttctagaattttc,9054680,9054692,trimer,"[9054686, 9054687, 9054680, 9054681, 9054690, 9054691]",707.0,0.0,1.0,87.0,795.0,0.6577207342504917,0.0
NC_003281.10,R107.5,ttcaggaa,9055189,9055196,dimer,"[9055195, 9055196, 9055189, 9055190]",1158.0,0.0,3.0,78.0,1239.0,0.2510734627414114,0.0
NC_003281.10,C15H7.8,GAACTTTC,9635670,9635677,dimer,"[9635671, 9635672, 9635675, 9635676]",726.0,0.0,0.0,49.0,775.0,0.2521230255569523,0.0
NC_003281.10,C15H7.8,ttcgagaa,9636426,9636433,dimer,"[9636432, 9636433, 9636426, 9636427]",527.0,2.0,2.0,23.0,554.0,0.17211932027759066,0.1818181818181818
NC_003281.10,C15H7.8,TTCTCGAA,9637407,9637414,dimer,"[9637413, 9637414, 9637407, 9637408]",1028.0,0.0,1.0,58.0,1087.0,0.21459809125934,0.0
NC_003281.10,ostf-4,gaaatttc,10318578,10318585,dimer,"[10318579, 10318580, 10318583, 10318584]",1651.0,4.0,6.0,194.0,1855.0,0.4154329568633087,0.1
NC_003281.10,ostf-4,gaaaattc,10318635,10318642,dimer,"[10318636, 10318637, 10318640, 10318641]",860.0,3.0,1.0,106.0,970.0,0.3383853800840294,0.5169491525423728
NC_003281.10,ostf-4,TTcgtgaa,10318703,10318710,dimer,"[10318709, 10318710, 10318703, 10318704]",306.0,1.0,0.0,23.0,330.0,0.271880544056771,0.1
NC_003281.10,ostf-4,gaattttc,10318849,10318856,dimer,"[10318850, 10318851, 10318854, 10318855]",401.0,0.0,0.0,23.0,424.0,0.20366379310344818,0.0
NC_003281.10,ostf-4,ttcctgaa,10319153,10319160,dimer,"[10319159, 10319160, 10319153, 10319154]",814.0,0.0,1.0,37.0,852.0,0.1770695140799516,0.0
NC_003281.10,ostf-4,gaaatttc,10319345,10319352,dimer,"[10319346, 10319347, 10319350, 10319351]",769.0,2.0,2.0,67.0,840.0,0.3112244897959182,0.1818181818181818
NC_003281.10,ostf-4,TTCCTGAA,10319624,10319631,dimer,"[10319630, 10319631, 10319624, 10319625]",1049.0,0.0,4.0,38.0,1091.0,0.14684646212499092,0.0
NC_003281.10,D2045.5,gaaaattc,10469685,10469692,dimer,"[10469686, 10469687, 10469690, 10469691]",806.0,0.0,3.0,56.0,865.0,0.28410977989576297,0.0
NC_003281.10,D2045.5,TTCTCGAA,10470172,10470179,dimer,"[10470178, 10470179, 10470172, 10470173]",1049.0,1.0,2.0,113.0,1165.0,0.3805520688926035,0.032258064516129
NC_003281.10,D2045.5,GAATCTTC,10471490,10471497,dimer,"[10471491, 10471492, 10471495, 10471496]",319.0,0.0,0.0,35.0,354.0,0.4523709851155502,0.0
NC_003281.10,fbxb-22,GAAGCTTC,11885085,11885092,dimer,"[11885086, 11885087, 11885090, 11885091]",449.0,0.0,2.0,27.0,478.0,0.18431100312391518,0.0
NC_003281.10,fbxb-22,GAAATTTC,11885344,11885351,dimer,"[11885345, 11885346, 11885349, 11885350]",397.0,0.0,0.0,34.0,431.0,0.3082759011883489,0.0
NC_003282.8,col-106,TTCTGGAAACTTC,1461142,1461154,trimer,"[1461148, 1461149, 1461142, 1461143, 1461152, 1461153]",381.0,1.0,2.0,34.0,418.0,0.5006013013686712,0.3333333333333333
NC_003282.8,dct-8,gaattttc,3894111,3894118,dimer,"[3894112, 3894113, 3894116, 3894117]",571.0,4.0,3.0,75.0,653.0,0.4484007236200649,0.1999999999999999
NC_003282.8,C17H12.34,GAAAATTC,6783451,6783458,dimer,"[6783452, 6783453, 6783456, 6783457]",487.0,0.0,1.0,20.0,508.0,0.1606501320174868,0.0
NC_003282.8,C17H12.34,GAAAATTC,6783643,6783650,dimer,"[6783644, 6783645, 6783648, 6783649]",443.0,0.0,1.0,47.0,491.0,0.40742492072317105,0.0
NC_003282.8,C17H12.34,TTCCCGAA,6783747,6783754,dimer,"[6783753, 6783754, 6783747, 6783748]",312.0,1.0,0.0,11.0,324.0,0.1590322580645161,0.1111111111111111
NC_003282.8,C17H12.34,GAAATTTC,6784754,6784761,dimer,"[6784755, 6784756, 6784759, 6784760]",304.0,0.0,0.0,13.0,317.0,0.17183701420989547,0.0
NC_003282.8,21ur-4739,gaaaattcacGAA,15898256,15898268,trimer,"[15898257, 15898258, 15898267, 15898268, 15898261, 15898262]",429.0,0.0,1.0,38.0,468.0,0.4866525651356432,0.0
NC_003282.8,21ur-4739,ttcttGAA,15898923,15898930,dimer,"[15898929, 15898930, 15898923, 15898924]",686.0,0.0,2.0,44.0,732.0,0.2363729090167276,0.0
NC_003282.8,21ur-6528,gaaatttc,15899258,15899265,dimer,"[15899259, 15899260, 15899263, 15899264]",242.0,0.0,0.0,6.0,248.0,0.0769230769230769,0.0
NC_003282.8,21ur-6528,ttcatgaa,15899273,15899280,dimer,"[15899279, 15899280, 15899273, 15899274]",286.0,0.0,0.0,32.0,318.0,0.4037168440727274,0.0
NC_003282.8,21ur-6528,TTCTGGAA,15900490,15900497,dimer,"[15900496, 15900497, 15900490, 15900491]",286.0,1.0,1.0,31.0,319.0,0.4108801415302962,0.1666666666666666
NC_003282.8,21ur-14804,gaaaattc,15900676,15900683,dimer,"[15900677, 15900678, 15900681, 15900682]",540.0,0.0,3.0,19.0,562.0,0.13768955910385308,0.0
NC_003282.8,21ur-14804,ttccagaa,15901077,15901084,dimer,"[15901083, 15901084, 15901077, 15901078]",456.0,5.0,3.0,54.0,518.0,0.4339949779082174,0.3125
NC_003282.8,21ur-14804,gaaatttc,15901478,15901485,dimer,"[15901479, 15901480, 15901483, 15901484]",304.0,0.0,1.0,22.0,327.0,0.22,0.0
NC_003282.8,21ur-14804,gaaatttc,15901689,15901696,dimer,"[15901690, 15901691, 15901694, 15901695]",498.0,1.0,0.0,23.0,522.0,0.1552089215132691,0.0666666666666666
NC_003282.8,21ur-14804,TTCGAGAA,15901772,15901779,dimer,"[15901778, 15901779, 15901772, 15901773]",245.0,5.0,0.0,26.0,276.0,0.4606639220288562,0.5
NC_003282.8,21ur-14804,Gaagcttc,15902521,15902528,dimer,"[15902522, 15902523, 15902526, 15902527]",617.0,0.0,2.0,38.0,657.0,0.2226275162001127,0.0
NC_003282.8,21ur-14804,gaaatttc,15902538,15902545,dimer,"[15902539, 15902540, 15902543, 15902544]",661.0,2.0,1.0,59.0,723.0,0.3276972947988127,0.1111111111111111
NC_003282.8,hsp-1,GAATCTTCGAGAA,17278056,17278068,trimer,"[17278057, 17278058, 17278067, 17278068, 17278061, 17278062]",738.0,1.0,1.0,55.0,795.0,0.4155362599217593,0.0666666666666666
NC_003282.8,hsp-1,GAATCTTC,17278405,17278412,dimer,"[17278406, 17278407, 17278410, 17278411]",217.0,0.0,0.0,36.0,253.0,0.5673621460506706,0.0
NC_003282.8,hsp-1,GAACATTC,17278605,17278612,dimer,"[17278606, 17278607, 17278610, 17278611]",683.0,0.0,1.0,68.0,752.0,0.3735316781122577,0.0
NC_003282.8,hsp-1,gaattttctagaa,17278815,17278827,trimer,"[17278816, 17278817, 17278826, 17278827, 17278820, 17278821]",1615.0,0.0,2.0,96.0,1713.0,0.3253890268632127,0.0
NC_003282.8,F26D10.24,GAATCTTC,17279661,17279668,dimer,"[17279662, 17279663, 17279666, 17279667]",557.0,2.0,0.0,34.0,593.0,0.2420781360866306,0.1052631578947368
NC_003282.8,F26D10.24,ttcaagaa,17280015,17280022,dimer,"[17280021, 17280022, 17280015, 17280016]",523.0,0.0,2.0,23.0,548.0,0.1700938900805321,0.0
NC_003283.11,fbxb-72,gaaaattc,724198,724205,dimer,"[724199, 724200, 724203, 724204]",534.0,0.0,2.0,56.0,592.0,0.39977376007649734,0.0
NC_003283.11,fbxb-72,TTCTGGAA,725245,725252,dimer,"[725251, 725252, 725245, 725246]",419.0,0.0,0.0,22.0,441.0,0.19710331880534088,0.0
NC_003283.11,fbxb-72,GAATCTTC,725752,725759,dimer,"[725753, 725754, 725757, 725758]",1106.0,0.0,1.0,83.0,1190.0,0.288378060771758,0.0
NC_003283.11,str-243,GAAAATTC,1521463,1521470,dimer,"[1521464, 1521465, 1521468, 1521469]",1149.0,3.0,0.0,69.0,1221.0,0.2279078852674286,0.1343873517786561
NC_003283.11,str-243,ttcatgaa,1522554,1522561,dimer,"[1522560, 1522561, 1522554, 1522555]",805.0,0.0,2.0,65.0,872.0,0.30139746506337317,0.0
NC_003283.11,str-243,GAATATTC,1522570,1522577,dimer,"[1522571, 1522572, 1522575, 1522576]",878.0,0.0,2.0,47.0,927.0,0.2160229578828104,0.0
NC_003283.11,hsp-16.41,ttcatgaa,1803548,1803555,dimer,"[1803554, 1803555, 1803548, 1803549]",331.0,0.0,0.0,36.0,367.0,0.36323555320648326,0.0
NC_003283.11,hsp-16.41,ttcaagaa,1804312,1804319,dimer,"[1804318, 1804319, 1804312, 1804313]",340.0,2.0,1.0,18.0,361.0,0.1986519216243216,0.3611111111111111
NC_003283.11,hsp-16.41,TTCTAGAACATTC,1805015,1805027,trimer,"[1805021, 1805022, 1805015, 1805016, 1805025, 1805026]",880.0,0.0,1.0,39.0,920.0,0.2538060532132269,0.0
NC_003283.11,hsp-16.2,TTCTAGAACATTC,1805169,1805181,trimer,"[1805175, 1805176, 1805169, 1805170, 1805179, 1805180]",426.0,0.0,0.0,18.0,444.0,0.2594696969696968,0.0
NC_003283.11,hsp-16.2,TTCAAGAA,1805573,1805580,dimer,"[1805579, 1805580, 1805573, 1805574]",378.0,0.0,1.0,42.0,421.0,0.36408433915224603,0.0
NC_003283.11,hsp-16.2,TTCGAGAA,1805836,1805843,dimer,"[1805842, 1805843, 1805836, 1805837]",861.0,5.0,3.0,72.0,941.0,0.265776261883772,0.1282051282051282
NC_003283.11,hsp-16.2,TTCAAGAA,1805968,1805975,dimer,"[1805974, 1805975, 1805968, 1805969]",371.0,2.0,2.0,37.0,412.0,0.2952127179333501,0.38888888888888884
NC_003283.11,hsp-16.2,gaaatttc,1806352,1806359,dimer,"[1806353, 1806354, 1806357, 1806358]",460.0,0.0,1.0,11.0,472.0,0.1055076310550763,0.0
NC_003283.11,hsp-16.2,gaaatttc,1806447,1806454,dimer,"[1806448, 1806449, 1806452, 1806453]",252.0,4.0,0.0,16.0,272.0,0.2421052631578946,0.6190476190476191
NC_003283.11,C01B4.2,GAAACTTC,2516106,2516113,dimer,"[2516107, 2516108, 2516111, 2516112]",268.0,0.0,1.0,24.0,293.0,0.38640852540800585,0.0
NC_003283.11,C01B4.2,gaaagttc,2516180,2516187,dimer,"[2516181, 2516182, 2516185, 2516186]",193.0,0.0,0.0,3.0,196.0,0.0594827586206896,0.0
NC_003283.11,C01B4.2,ttctagaa,2516279,2516286,dimer,"[2516285, 2516286, 2516279, 2516280]",93.0,1.0,0.0,6.0,100.0,0.25466893039049215,0.5
NC_003283.11,ugt-14,ttctagaa,4905097,4905104,dimer,"[4905103, 4905104, 4905097, 4905098]",534.0,0.0,2.0,42.0,578.0,0.25682140476942106,0.0
NC_003283.11,ugt-14,TTCCAGAA,4905252,4905259,dimer,"[4905258, 4905259, 4905252, 4905253]",765.0,3.0,1.0,55.0,824.0,0.2718507676754884,0.30000000000000004
NC_003283.11,ugt-14,GAAGCTTC,4905260,4905267,dimer,"[4905261, 4905262, 4905265, 4905266]",697.0,3.0,3.0,50.0,753.0,0.2613677920839451,0.25
NC_003283.11,ugt-14,GAATGTTC,4905272,4905279,dimer,"[4905273, 4905274, 4905277, 4905278]",689.0,0.0,0.0,48.0,737.0,0.2648603452407164,0.0
NC_003283.11,mtl-1,GAAGCTTC,6693259,6693266,dimer,"[6693260, 6693261, 6693264, 6693265]",2555.0,6.0,1.0,154.0,2716.0,0.22906977041262272,0.151226309921962
NC_003283.11,C13A2.12,gaatcttc,7257336,7257343,dimer,"[7257337, 7257338, 7257341, 7257342]",478.0,1.0,1.0,64.0,544.0,0.46446512029947473,0.0384615384615384
NC_003283.11,C13A2.12,TTCTAGAA,7259009,7259016,dimer,"[7259015, 7259016, 7259009, 7259010]",439.0,0.0,2.0,51.0,492.0,0.43990378748768,0.0
NC_003283.11,unc-23,GAATTTTC,8934746,8934753,dimer,"[8934747, 8934748, 8934751, 8934752]",218.0,0.0,1.0,24.0,243.0,0.4022514934704084,0.0
NC_003283.11,unc-23,GAACATTC,8935032,8935039,dimer,"[8935033, 8935034, 8935037, 8935038]",316.0,0.0,1.0,22.0,339.0,0.32671689365401313,0.0
NC_003283.11,unc-23,GAATCTTC,8936198,8936205,dimer,"[8936199, 8936200, 8936203, 8936204]",401.0,0.0,1.0,26.0,428.0,0.22526176733959258,0.0
NC_003283.11,unc-23,TTCTCGAA,8936283,8936290,dimer,"[8936289, 8936290, 8936283, 8936284]",495.0,0.0,1.0,16.0,512.0,0.1247434565470982,0.0
NC_003283.11,C25E10.14,TTCGAGAA,9062770,9062777,dimer,"[9062776, 9062777, 9062770, 9062771]",636.0,0.0,2.0,36.0,674.0,0.1987874647767055,0.0
NC_003283.11,hsp-16.48,GAAGATTC,9087661,9087668,dimer,"[9087662, 9087663, 9087666, 9087667]",744.0,2.0,4.0,78.0,828.0,0.3556423230996285,0.0909090909090909
NC_003283.11,hsp-16.1,TTCTAGAACATTC,9087866,9087878,trimer,"[9087872, 9087873, 9087866, 9087867, 9087876, 9087877]",654.0,0.0,2.0,48.0,704.0,0.4300165156992395,0.0
NC_003283.11,hsp-16.1,TTCTAGAACATTC,9088020,9088032,trimer,"[9088026, 9088027, 9088020, 9088021, 9088030, 9088031]",543.0,0.0,0.0,44.0,587.0,0.44373095307650134,0.0
NC_003283.11,hsp-16.1,TTCAAGAA,9088124,9088131,dimer,"[9088130, 9088131, 9088124, 9088125]",289.0,0.0,1.0,50.0,340.0,0.5822736188296828,0.0
NC_003283.11,hsp-16.1,ttcaagaa,9088430,9088437,dimer,"[9088436, 9088437, 9088430, 9088431]",424.0,1.0,3.0,58.0,486.0,0.45686566186720534,0.1
NC_003283.11,hsp-16.1,TTCCAGAA,9088751,9088758,dimer,"[9088757, 9088758, 9088751, 9088752]",444.0,0.0,1.0,62.0,507.0,0.437354183377732,0.0
NC_003283.11,hsp-16.1,ttcttgaa,9089460,9089467,dimer,"[9089466, 9089467, 9089460, 9089461]",438.0,1.0,1.0,60.0,500.0,0.4320343903954828,0.1111111111111111
NC_003283.11,hsp-16.1,TTCTTGAA,9089766,9089773,dimer,"[9089772, 9089773, 9089766, 9089767]",277.0,0.0,3.0,37.0,317.0,0.4855479139722692,0.0
NC_003283.11,hsp-16.11,GAATGTTCTAGAA,9089865,9089877,trimer,"[9089866, 9089867, 9089876, 9089877, 9089870, 9089871]",560.0,1.0,2.0,36.0,599.0,0.36236936563463035,0.5
NC_003283.11,hsp-16.11,GAATGTTCTAGAA,9090019,9090031,trimer,"[9090020, 9090021, 9090030, 9090031, 9090024, 9090025]",700.0,0.0,3.0,43.0,746.0,0.32966438767138906,0.0
NC_003283.11,hsp-16.49,GAATCTTC,9090229,9090236,dimer,"[9090230, 9090231, 9090234, 9090235]",725.0,0.0,3.0,69.0,797.0,0.3446192031521371,0.0
NC_003283.11,hsp-16.49,GAACGTTC,9091120,9091127,dimer,"[9091121, 9091122, 9091125, 9091126]",452.0,0.0,2.0,15.0,469.0,0.12738331243004122,0.0
NC_003283.11,21ur-14438,ttcgagAA,9154967,9154974,dimer,"[9154973, 9154974, 9154967, 9154968]",340.0,0.0,0.0,19.0,359.0,0.3449248226033939,0.0
NC_003283.11,21ur-14438,ttcgagaa,9155183,9155190,dimer,"[9155189, 9155190, 9155183, 9155184]",425.0,0.0,2.0,71.0,498.0,0.4385729772378877,0.0
NC_003283.11,21ur-14438,gaagattc,9155243,9155250,dimer,"[9155244, 9155245, 9155248, 9155249]",352.0,2.0,2.0,21.0,377.0,0.22501577950767912,0.4
NC_003283.11,21ur-14438,ttcggGAA,9155540,9155547,dimer,"[9155546, 9155547, 9155540, 9155541]",679.0,3.0,2.0,65.0,749.0,0.3481080158499512,0.1578947368421052
NC_003283.11,21ur-14438,GAAGTTTC,9155805,9155812,dimer,"[9155806, 9155807, 9155810, 9155811]",772.0,1.0,1.0,54.0,828.0,0.2624575869959755,0.1111111111111111
NC_003283.11,21ur-14438,tTCTAGAA,9155875,9155882,dimer,"[9155881, 9155882, 9155875, 9155876]",584.0,0.0,2.0,32.0,618.0,0.2497951034809172,0.0
NC_003283.11,21ur-14438,ttccagaa,9156302,9156309,dimer,"[9156308, 9156309, 9156302, 9156303]",934.0,0.0,0.0,63.0,997.0,0.2574695921058404,0.0
NC_003283.11,21ur-14438,gaaaattc,9156486,9156493,dimer,"[9156487, 9156488, 9156491, 9156492]",999.0,5.0,2.0,88.0,1094.0,0.2944150077031743,0.1733870967741935
NC_003283.11,pqn-16,GAAGTTTC,9172252,9172259,dimer,"[9172253, 9172254, 9172257, 9172258]",833.0,0.0,0.0,47.0,880.0,0.2002514111298467,0.0
NC_003283.11,pqn-16,TTCAAGAA,9172370,9172377,dimer,"[9172376, 9172377, 9172370, 9172371]",1224.0,1.0,2.0,82.0,1309.0,0.2518546934975803,0.0526315789473684
NC_003283.11,pqn-16,TTCACGAA,9173655,9173662,dimer,"[9173661, 9173662, 9173655, 9173656]",504.0,2.0,0.0,33.0,539.0,0.2457630519631114,0.1818181818181818
NC_003283.11,T06E8.3,gaattttc,10043667,10043674,dimer,"[10043668, 10043669, 10043672, 10043673]",1706.0,2.0,7.0,123.0,1838.0,0.2678183272119732,0.0866013071895424
NC_003283.11,T06E8.3,gaaaattc,10043777,10043784,dimer,"[10043778, 10043779, 10043782, 10043783]",1017.0,2.0,4.0,80.0,1103.0,0.3112937526516124,0.0869565217391304
NC_003283.11,T06E8.3,TTCCTGAA,10044111,10044118,dimer,"[10044117, 10044118, 10044111, 10044112]",549.0,0.0,3.0,35.0,587.0,0.25211979916835514,0.0
NC_003283.11,T06E8.3,TTCTGGAA,10044410,10044417,dimer,"[10044416, 10044417, 10044410, 10044411]",314.0,0.0,1.0,24.0,339.0,0.2814435564435563,0.0
NC_003283.11,T06E8.3,gaactttcatgAA,10044622,10044634,trimer,"[10044623, 10044624, 10044633, 10044634, 10044627, 10044628]",1407.0,2.0,6.0,93.0,1508.0,0.39330191999773095,0.1004901960784313
NC_003283.11,wrt-7,GAACGTTC,15337911,15337918,dimer,"[15337912, 15337913, 15337916, 15337917]",426.0,0.0,0.0,38.0,464.0,0.32738095238095216,0.0
NC_003283.11,wrt-7,gaaatttc,15338762,15338769,dimer,"[15338763, 15338764, 15338767, 15338768]",844.0,0.0,2.0,40.0,886.0,0.18245790399597878,0.0
NC_003283.11,wrt-7,TTCAAGAA,15338965,15338972,dimer,"[15338971, 15338972, 15338965, 15338966]",553.0,1.0,2.0,70.0,626.0,0.44769437551695596,0.0416666666666666
NC_003283.11,srh-258,GAAACTTC,15403164,15403171,dimer,"[15403165, 15403166, 15403169, 15403170]",234.0,2.0,0.0,23.0,259.0,0.36064766211741883,0.1818181818181818
NC_003283.11,srh-258,TTCTAGAA,15403364,15403371,dimer,"[15403370, 15403371, 15403364, 15403365]",437.0,0.0,0.0,49.0,486.0,0.4019040056086094,0.0
NC_003283.11,srh-258,TTCCGGAA,15404840,15404847,dimer,"[15404846, 15404847, 15404840, 15404841]",584.0,1.0,2.0,52.0,639.0,0.3198311957497937,0.1666666666666666
NC_003283.11,Y68A4B.3,gaatTTTC,17243900,17243907,dimer,"[17243901, 17243902, 17243905, 17243906]",1117.0,2.0,1.0,88.0,1208.0,0.2913907284768209,0.074074074074074
NC_003283.11,Y68A4B.3,GAATTTTC,17244488,17244495,dimer,"[17244489, 17244490, 17244493, 17244494]",513.0,0.0,0.0,22.0,535.0,0.15788164413150368,0.0
NC_003283.11,C31G12.3,GAAGCTTC,18183969,18183976,dimer,"[18183970, 18183971, 18183974, 18183975]",362.0,1.0,1.0,37.0,401.0,0.3292011761823081,0.0714285714285714
NC_003283.11,Y17D7C.2,gAAATTTC,18720175,18720182,dimer,"[18720176, 18720177, 18720180, 18720181]",767.0,0.0,2.0,53.0,822.0,0.26684643175035316,0.0
NC_003283.11,Y17D7C.2,TTCTTGAA,18721057,18721064,dimer,"[18721063, 18721064, 18721057, 18721058]",983.0,19.0,3.0,77.0,1082.0,0.27007739290551314,0.43766233766233764
NC_003283.11,Y17D7C.2,gaagtttc,18721206,18721213,dimer,"[18721207, 18721208, 18721211, 18721212]",669.0,0.0,2.0,37.0,708.0,0.21521251374901518,0.0
NC_003283.11,Y17D7C.2,GAAAATTc,18721321,18721328,dimer,"[18721322, 18721323, 18721326, 18721327]",290.0,0.0,3.0,15.0,308.0,0.1950147085548134,0.0
NC_003283.11,Y17D7C.2,gaattttc,18721364,18721371,dimer,"[18721365, 18721366, 18721369, 18721370]",278.0,0.0,1.0,13.0,292.0,0.16882621951219512,0.0
NC_003283.11,Y17D7C.2,gaattttc,18721434,18721441,dimer,"[18721435, 18721436, 18721439, 18721440]",335.0,0.0,0.0,8.0,343.0,0.0984954026191138,0.0
NC_003283.11,Y17D7C.2,gaaatttc,18721588,18721595,dimer,"[18721589, 18721590, 18721593, 18721594]",294.0,0.0,2.0,13.0,309.0,0.1249999999999999,0.0
NC_003283.11,scl-19,GAATTTTc,18730737,18730744,dimer,"[18730738, 18730739, 18730742, 18730743]",482.0,6.0,0.0,25.0,513.0,0.1867249980996274,0.3529411764705882
NC_003283.11,scl-19,GAAAATTC,18731158,18731165,dimer,"[18731159, 18731160, 18731163, 18731164]",745.0,0.0,4.0,19.0,768.0,0.09124117891241171,0.0
NC_003283.11,scl-19,gaattttc,18731229,18731236,dimer,"[18731230, 18731231, 18731234, 18731235]",715.0,5.0,4.0,28.0,752.0,0.1378591529722403,0.5769230769230769
NC_003283.11,scl-19,TTCTAGAA,18731710,18731717,dimer,"[18731716, 18731717, 18731710, 18731711]",485.0,2.0,2.0,82.0,571.0,0.5390624545734702,0.5
NC_003283.11,C25F9.2,TTCTTGAA,19419723,19419730,dimer,"[19419729, 19419730, 19419723, 19419724]",256.0,0.0,0.0,10.0,266.0,0.1509971509971509,0.0
NC_003283.11,C25F9.2,gaattttc,19419837,19419844,dimer,"[19419838, 19419839, 19419842, 19419843]",416.0,0.0,1.0,46.0,463.0,0.3774088230609968,0.0
NC_003283.11,Y43F8B.2,ttcacgaa,19533415,19533422,dimer,"[19533421, 19533422, 19533415, 19533416]",667.0,0.0,3.0,51.0,721.0,0.2822676261097344,0.0
NC_003283.11,Y43F8B.2,gaaaattc,19534031,19534038,dimer,"[19534032, 19534033, 19534036, 19534037]",109.0,0.0,0.0,3.0,112.0,0.09677419354838698,0.0
NC_003283.11,Y38H6C.8,TTCTTGAA,20512175,20512182,dimer,"[20512181, 20512182, 20512175, 20512176]",2347.0,6.0,4.0,203.0,2560.0,0.31735687002493296,0.1285569105691056
NC_003283.11,Y38H6C.8,gaatattc,20512710,20512717,dimer,"[20512711, 20512712, 20512715, 20512716]",659.0,1.0,1.0,84.0,745.0,0.4513241223062651,0.125
NC_003283.11,Y38H6C.8,TTCTCGAATGTTC,20513900,20513912,trimer,"[20513906, 20513907, 20513900, 20513901, 20513910, 20513911]",419.0,2.0,0.0,30.0,451.0,0.32735478066547663,0.2434782608695652
NC_003284.9,tts-1,GAAGTTTC,1504970,1504977,dimer,"[1504971, 1504972, 1504975, 1504976]",1145.0,0.0,3.0,75.0,1223.0,0.2024270705460586,0.0
NC_003284.9,tts-1,gaaaattc,1506187,1506194,dimer,"[1506188, 1506189, 1506192, 1506193]",161.0,0.0,0.0,9.0,170.0,0.2085462257784632,0.0
NC_003284.9,tts-1,ttccagaa,1506830,1506837,dimer,"[1506836, 1506837, 1506830, 1506831]",461.0,0.0,1.0,33.0,495.0,0.2780750650315866,0.0
NC_003284.9,F20B6.7,TTCCTGAA,4207367,4207374,dimer,"[4207373, 4207374, 4207367, 4207368]",1078.0,6.0,1.0,86.0,1171.0,0.2954384989742126,0.2727272727272727
NC_003284.9,F20B6.7,TTCctgaa,4207474,4207481,dimer,"[4207480, 4207481, 4207474, 4207475]",1456.0,7.0,1.0,85.0,1549.0,0.2091221083987364,0.1707317073170731
NC_003284.9,F20B6.7,ttcctgaa,4207483,4207490,dimer,"[4207489, 4207490, 4207483, 4207484]",1605.0,11.0,3.0,92.0,1711.0,0.21916471072743987,0.35266644944064285
NC_003284.9,F20B6.7,TTccagaa,4207676,4207683,dimer,"[4207682, 4207683, 4207676, 4207677]",1064.0,6.0,3.0,94.0,1167.0,0.332525708719757,0.2
NC_003284.9,F20B6.7,gaaatttc,4208016,4208023,dimer,"[4208017, 4208018, 4208021, 4208022]",873.0,1.0,4.0,86.0,964.0,0.3598923950239956,0.0333333333333333
NC_003284.9,F20B6.7,GAACATTC,4208094,4208101,dimer,"[4208095, 4208096, 4208099, 4208100]",318.0,0.0,0.0,27.0,345.0,0.30771342455203904,0.0
NC_003284.9,F20B6.7,TTCGAGAA,4208311,4208318,dimer,"[4208317, 4208318, 4208311, 4208312]",666.0,2.0,0.0,50.0,718.0,0.2827695560253699,0.1428571428571428
NC_003284.9,F20B6.7,TTCAGGAA,4208422,4208429,dimer,"[4208428, 4208429, 4208422, 4208423]",482.0,0.0,2.0,59.0,543.0,0.46898948966548865,0.0
NC_003284.9,F20B6.7,TTCGTGAA,4208444,4208451,dimer,"[4208450, 4208451, 4208444, 4208445]",577.0,2.0,1.0,20.0,600.0,0.1299207590661977,0.2857142857142857
NC_003284.9,F20B6.7,gaaacttc,4208501,4208508,dimer,"[4208502, 4208503, 4208506, 4208507]",350.0,2.0,0.0,57.0,409.0,0.499760436469297,0.0689655172413793
NC_003284.9,C09B8.12,gaaacttc,6038636,6038643,dimer,"[6038637, 6038638, 6038641, 6038642]",221.0,1.0,2.0,15.0,239.0,0.3179178545032202,0.2
NC_003284.9,C15B12.3,ttcgcgaa,6467654,6467661,dimer,"[6467660, 6467661, 6467654, 6467655]",735.0,0.0,2.0,42.0,779.0,0.1921195652173913,0.0
NC_003284.9,C15B12.3,GAAAGTTC,6467716,6467723,dimer,"[6467717, 6467718, 6467721, 6467722]",388.0,0.0,1.0,28.0,417.0,0.2670890668045931,0.0
NC_003284.9,C15B12.3,GAAAGTTC,6467896,6467903,dimer,"[6467897, 6467898, 6467901, 6467902]",539.0,2.0,3.0,30.0,574.0,0.2076587910787879,0.4
NC_003284.9,C15B12.3,TTCCGGAA,6468157,6468164,dimer,"[6468163, 6468164, 6468157, 6468158]",914.0,2.0,2.0,124.0,1042.0,0.4898257728305006,0.0454545454545454
NC_003284.9,C15B12.3,TTCAGGAA,6469148,6469155,dimer,"[6469154, 6469155, 6469148, 6469149]",331.0,0.0,1.0,32.0,364.0,0.3197358197358196,0.0
NC_003284.9,F53A9.2,gaactttc,8708185,8708192,dimer,"[8708186, 8708187, 8708190, 8708191]",442.0,2.0,1.0,44.0,489.0,0.31459115944075683,0.5
NC_003284.9,F53A9.2,ttccagaa,8708230,8708237,dimer,"[8708236, 8708237, 8708230, 8708231]",567.0,3.0,1.0,18.0,589.0,0.1217761879526584,0.1666666666666666
NC_003284.9,F53A9.2,GAAACTTC,8708582,8708589,dimer,"[8708583, 8708584, 8708587, 8708588]",772.0,0.0,0.0,46.0,818.0,0.2333701688514281,0.0
NC_003284.9,F53A9.2,gaattttc,8709749,8709756,dimer,"[8709750, 8709751, 8709754, 8709755]",941.0,1.0,1.0,127.0,1070.0,0.4762700075249583,0.0227272727272727
NC_003284.9,nspc-12,GAAGGTTC,12356904,12356911,dimer,"[12356905, 12356906, 12356909, 12356910]",680.0,0.0,3.0,63.0,746.0,0.3987812583330377,0.0
NC_003284.9,nspc-12,ttctggaa,12357082,12357089,dimer,"[12357088, 12357089, 12357082, 12357083]",502.0,2.0,1.0,6.0,511.0,0.0320855614973262,1.0
NC_003284.9,nspc-12,GAACATTC,12357883,12357890,dimer,"[12357884, 12357885, 12357888, 12357889]",779.0,4.0,0.0,100.0,883.0,0.45879240066375304,0.16
NC_003284.9,C11G10.11,GAAGATTC,15160001,15160008,dimer,"[15160002, 15160003, 15160006, 15160007]",322.0,0.0,2.0,20.0,344.0,0.2515463917525772,0.0
NC_003284.9,C11G10.11,TTCCCGAA,15160109,15160116,dimer,"[15160115, 15160116, 15160109, 15160110]",246.0,9.0,0.0,38.0,293.0,0.5306581059390048,0.6923076923076923
NC_003284.9,C11G10.11,ttcctgaa,15160265,15160272,dimer,"[15160271, 15160272, 15160265, 15160266]",195.0,0.0,1.0,13.0,209.0,0.2968599292680312,0.0
NC_003284.9,C11G10.11,ttcaggaa,15160535,15160542,dimer,"[15160541, 15160542, 15160535, 15160536]",249.0,0.0,0.0,11.0,260.0,0.2291666666666666,0.0
NC_003284.9,C11G10.11,gaaacttc,15160906,15160913,dimer,"[15160907, 15160908, 15160911, 15160912]",334.0,0.0,0.0,22.0,356.0,0.2601694915254236,0.0
NC_003284.9,C30E1.9,TTCAAGAA,16928580,16928587,dimer,"[16928586, 16928587, 16928580, 16928581]",223.0,0.0,0.0,16.0,239.0,0.2849910113299049,0.0
NC_003284.9,C30E1.9,GAACGTTCTCGAA,16929852,16929864,trimer,"[16929853, 16929854, 16929863, 16929864, 16929857, 16929858]",919.0,0.0,4.0,52.0,975.0,0.307698791864468,0.0
