Gene,Chromosome (NC_*),Nucleotide Location(start),Nucleotide Location(end),Strand
WBGene00000019,NC_003282.8,10214911,10216911,-
WBGene00000038,NC_003280.10,14196046,14198046,+
WBGene00000057,NC_003283.11,15559147,15561147,-
WBGene00000095,NC_003279.8,10196997,10198997,-
WBGene00000114,NC_003280.10,11727055,11729055,+
WBGene00000133,NC_003284.9,4569437,4571437,+
WBGene00000171,NC_003282.8,10966459,10968459,-
WBGene00000190,NC_003282.8,7632786,7634786,+
WBGene00000209,NC_003279.8,8690946,8692946,+
WBGene00000228,NC_003283.11,12476411,12478411,+
WBGene00000247,NC_003282.8,5664425,5666425,-
WBGene00000266,NC_003282.8,8985266,8987266,+
WBGene00000285,NC_003283.11,12517248,12519248,-
WBGene00000380,NC_003281.10,4508114,4510114,-
WBGene00000399,NC_003280.10,14841229,14843229,+
WBGene00000418,NC_003281.10,4850325,4852325,+
WBGene00000437,NC_003281.10,7553660,7555660,+
WBGene00000475,NC_003281.10,10868703,10870703,-
WBGene00000513,NC_003281.10,4368885,4370885,+
WBGene00000532,NC_003280.10,9098605,9100605,-
WBGene00000551,NC_003282.8,7732648,7734648,+
WBGene00000608,NC_003284.9,419707,421707,+
WBGene00000627,NC_003279.8,3652702,3654702,-
WBGene00000646,NC_003280.10,1468565,1470565,+
WBGene00000665,NC_003281.10,7946838,7948838,+
WBGene00000684,NC_003282.8,4609668,4611668,-
WBGene00000703,NC_003282.8,12110439,12112439,-
WBGene00000722,NC_003283.11,10292869,10294869,-
WBGene00000741,NC_003284.9,6324388,6326388,+
WBGene00000760,NC_003284.9,16070895,16072895,+
WBGene00000779,NC_003279.8,3985940,3987940,+
WBGene00000798,NC_003280.10,10590752,10592752,+
WBGene00000817,NC_003282.8,5647533,5649533,+
WBGene00000836,NC_003281.10,10469237,10471237,+
WBGene00000874,NC_003281.10,6018159,6020159,+
WBGene00000893,NC_003283.11,5797673,5799673,+
WBGene00000912,NC_003279.8,10748498,10750498,+
WBGene00000931,NC_003279.8,10190896,10192896,-
WBGene00000950,NC_003284.9,7751070,7753070,+
WBGene00000969,NC_003280.10,5451847,5453847,+
WBGene00000988,NC_003284.9,1484532,1486532,+
WBGene00001007,NC_003282.8,13098792,13100792,-
WBGene00001026,NC_003280.10,6598080,6600080,-
WBGene00001045,NC_003279.8,11875803,11877803,+
WBGene00001064,NC_003280.10,6712292,6714292,+
WBGene00001102,NC_003280.10,5081174,5083174,-
WBGene00001121,NC_003279.8,9357067,9359067,+
WBGene00001159,NC_003280.10,8344684,8346684,+
WBGene00001178,NC_003283.11,10466517,10468517,+
WBGene00001235,NC_003281.10,11719450,11721450,-
WBGene00001311,NC_003283.11,14012695,14014695,+
WBGene00001330,NC_003282.8,14877484,14879484,+
WBGene00001368,NC_003280.10,9573970,9575970,+
WBGene00001387,NC_003283.11,12997522,12999522,-
WBGene00001406,NC_003283.11,20423301,20425301,+
WBGene00001425,NC_003284.9,8285219,8287219,-
WBGene00001444,NC_003282.8,9142705,9144705,+
WBGene00001463,NC_003284.9,9349894,9351894,-
WBGene00001482,NC_003283.11,20197254,20199254,+
WBGene00001501,NC_003279.8,3680927,3682927,-
WBGene00001520,NC_003284.9,15590397,15592397,-
WBGene00001539,NC_003283.11,12369537,12371537,-
WBGene00001558,NC_003282.8,14792887,14794887,-
WBGene00001577,NC_003282.8,11743640,11745640,+
WBGene00001596,NC_003279.8,6367748,6369748,+
WBGene00001615,NC_003280.10,7794322,7796322,-
WBGene00001653,NC_003282.8,10195817,10197817,+
WBGene00001672,NC_003283.11,6854811,6856811,-
WBGene00001691,NC_003283.11,20607794,20609794,+
WBGene00001710,NC_003283.11,5533855,5535855,-
WBGene00001729,NC_003282.8,2128861,2130861,-
WBGene00001748,NC_003281.10,7334587,7336587,+
WBGene00001767,NC_003280.10,13627145,13629145,-
WBGene00001786,NC_003283.11,15916070,15918070,-
WBGene00001805,NC_003280.10,14102770,14104770,+
WBGene00001824,NC_003284.9,5820142,5822142,+
WBGene00001843,NC_003279.8,9055457,9057457,-
WBGene00001862,NC_003282.8,6975508,6977508,+
WBGene00001881,NC_003283.11,8531379,8533379,+
WBGene00001900,NC_003280.10,13823532,13825532,+
WBGene00001919,NC_003282.8,11324588,11326588,+
WBGene00001938,NC_003282.8,11405116,11407116,+
WBGene00001957,NC_003284.9,4247249,4249249,+
WBGene00001976,NC_003280.10,4671085,4673085,+
WBGene00001995,NC_003284.9,13243390,13245390,+
WBGene00002033,NC_003282.8,6417522,6419522,+
WBGene00002052,NC_003284.9,4915979,4917979,-
WBGene00002071,NC_003284.9,766596,768596,+
WBGene00002090,NC_003282.8,9682845,9684845,-
WBGene00002109,NC_003279.8,14037777,14039777,-
WBGene00002128,NC_003282.8,12744584,12746584,+
WBGene00002147,NC_003280.10,8124910,8126910,-
WBGene00002185,NC_003281.10,13462820,13464820,+
WBGene00002204,NC_003282.8,9830886,9832886,+
WBGene00002223,NC_003282.8,11359869,11361869,-
WBGene00002242,NC_003284.9,7707131,7709131,-
WBGene00002261,NC_003284.9,11026917,11028917,+
WBGene00002280,NC_003284.9,16389340,16391340,-
WBGene00002299,NC_003280.10,9195512,9197512,+
WBGene00002717,NC_003279.8,5317392,5319392,-
WBGene00002850,NC_003281.10,6381552,6383552,+
WBGene00002983,NC_003284.9,5538516,5540516,-
WBGene00003002,NC_003281.10,7709491,7711491,-
WBGene00003021,NC_003281.10,8020873,8022873,-
WBGene00003040,NC_003279.8,3721157,3723157,-
WBGene00003059,NC_003279.8,6251701,6253701,+
WBGene00003078,NC_003280.10,7253163,7255163,-
WBGene00003097,NC_003280.10,5584178,5586178,+
WBGene00003154,NC_003280.10,12006625,12008625,-
WBGene00003173,NC_003283.11,9915121,9917121,-
WBGene00003230,NC_003282.8,13351723,13353723,+
WBGene00003249,NC_003281.10,13401234,13403234,+
WBGene00003268,NC_003280.10,11536184,11538184,+
WBGene00003287,NC_003282.8,11309253,11311253,-
WBGene00003306,NC_003282.8,15163647,15165647,+
WBGene00003325,NC_003282.8,10994266,10996266,-
WBGene00003344,NC_003283.11,11770015,11772015,-
WBGene00003363,NC_003282.8,3258549,3260549,-
WBGene00003401,NC_003281.10,4228108,4230108,-
WBGene00003420,NC_003280.10,7075848,7077848,+
WBGene00003458,NC_003282.8,5314523,5316523,+
WBGene00003477,NC_003284.9,5243408,5245408,-
WBGene00003515,NC_003283.11,12234343,12236343,-
WBGene00003534,NC_003284.9,775721,777721,+
WBGene00003553,NC_003284.9,9949063,9951063,-
WBGene00003572,NC_003281.10,9720291,9722291,-
WBGene00003591,NC_003283.11,4849438,4851438,+
WBGene00003610,NC_003282.8,9068003,9070003,+
WBGene00003629,NC_003282.8,9708187,9710187,+
WBGene00003648,NC_003283.11,530259,532259,+
WBGene00003667,NC_003279.8,12385731,12387731,-
WBGene00003686,NC_003283.11,2231477,2233477,+
WBGene00003705,NC_003283.11,2290540,2292540,+
WBGene00003724,NC_003283.11,2229223,2231223,+
WBGene00003743,NC_003280.10,8236455,8238455,+
WBGene00003762,NC_003283.11,11614376,11616376,+
WBGene00003800,NC_003279.8,9664915,9666915,-
WBGene00003838,NC_003283.11,10762366,10764366,+
WBGene00003876,NC_003282.8,10788653,10790653,+
WBGene00003914,NC_003282.8,7550812,7552812,-
WBGene00003933,NC_003284.9,16534890,16536890,+
WBGene00003952,NC_003281.10,8244092,8246092,-
WBGene00003990,NC_003284.9,5354072,5356072,-
WBGene00004009,NC_003284.9,12755962,12757962,-
WBGene00004028,NC_003279.8,717929,719929,+
WBGene00004047,NC_003282.8,957521,959521,+
WBGene00004085,NC_003281.10,12351336,12353336,-
WBGene00004104,NC_003283.11,5676111,5678111,-
WBGene00004123,NC_003284.9,15415493,15417493,-
WBGene00004161,NC_003281.10,12624568,12626568,+
WBGene00004180,NC_003281.10,9614281,9616281,-
WBGene00004199,NC_003282.8,11181132,11183132,+
WBGene00004218,NC_003280.10,367555,369555,-
WBGene00004237,NC_003279.8,14904792,14906792,+
WBGene00004256,NC_003283.11,8492889,8494889,+
WBGene00004275,NC_003279.8,11638491,11640491,-
WBGene00004313,NC_003284.9,14609374,14611374,+
WBGene00004332,NC_003279.8,719944,721944,-
WBGene00004351,NC_003284.9,1953560,1955560,-
WBGene00004370,NC_003284.9,6851618,6853618,+
WBGene00004389,NC_003279.8,3546910,3548910,-
WBGene00004408,NC_003279.8,10565894,10567894,+
WBGene00004427,NC_003282.8,654576,656576,-
WBGene00004446,NC_003280.10,9057085,9059085,-
WBGene00004465,NC_003280.10,11238919,11240919,-
WBGene00004484,NC_003279.8,8816193,8818193,-
WBGene00004503,NC_003281.10,6487793,6489793,+
WBGene00004750,NC_003280.10,3673593,3675593,-
WBGene00004769,NC_003284.9,913867,915867,+
WBGene00004788,NC_003284.9,5780722,5782722,-
WBGene00004807,NC_003279.8,9469550,9471550,+
WBGene00004826,NC_003284.9,13223537,13225537,-
WBGene00004845,NC_003282.8,5063531,5065531,-
WBGene00004883,NC_003279.8,6736161,6738161,-
WBGene00004902,NC_003280.10,1090006,1092006,+
WBGene00004921,NC_003280.10,6808963,6810963,+
WBGene00004959,NC_003279.8,5103476,5105476,-
WBGene00004978,NC_003279.8,3465132,3467132,+
WBGene00004997,NC_003283.11,13887816,13889816,+
WBGene00005016,NC_003280.10,11337837,11339837,-
WBGene00005035,NC_003280.10,9530311,9532311,+
WBGene00005054,NC_003280.10,6573777,6575777,-
WBGene00005073,NC_003281.10,7169857,7171857,+
WBGene00005092,NC_003282.8,5640190,5642190,-
WBGene00005111,NC_003283.11,4870292,4872292,+
WBGene00005130,NC_003280.10,7436999,7438999,-
WBGene00005149,NC_003280.10,7707704,7709704,+
WBGene00005168,NC_003281.10,4675766,4677766,+
WBGene00005187,NC_003283.11,6718332,6720332,-
WBGene00005206,NC_003282.8,7071736,7073736,-
WBGene00005225,NC_003283.11,5465435,5467435,-
WBGene00005244,NC_003284.9,1411144,1413144,+
WBGene00005263,NC_003281.10,6608822,6610822,+
WBGene00005282,NC_003280.10,3581702,3583702,+
WBGene00005301,NC_003283.11,217932,219932,+
WBGene00005320,NC_003283.11,661954,663954,-
WBGene00005339,NC_003283.11,17393674,17395674,+
WBGene00005358,NC_003283.11,16441926,16443926,+
WBGene00005377,NC_003283.11,17450676,17452676,+
WBGene00005396,NC_003283.11,18472523,18474523,+
WBGene00005415,NC_003283.11,4240392,4242392,-
WBGene00005434,NC_003282.8,16339625,16341625,+
WBGene00005453,NC_003283.11,2934175,2936175,-
WBGene00005472,NC_003283.11,662797,664797,+
WBGene00005491,NC_003283.11,17798838,17800838,+
WBGene00005510,NC_003280.10,3595166,3597166,-
WBGene00005529,NC_003279.8,12142007,12144007,+
WBGene00005548,NC_003280.10,2585593,2587593,-
WBGene00005567,NC_003280.10,2668162,2670162,-
WBGene00005586,NC_003280.10,2583144,2585144,-
WBGene00005605,NC_003283.11,2774442,2776442,+
WBGene00005624,NC_003283.11,4099867,4101867,+
WBGene00005643,NC_003283.11,760640,762640,+
WBGene00005662,NC_003282.8,4355636,4357636,+
WBGene00005681,NC_003282.8,12500256,12502256,+
WBGene00005700,NC_003283.11,9803461,9805461,+
WBGene00005719,NC_003283.11,13420740,13422740,-
WBGene00005738,NC_003282.8,6298353,6300353,-
WBGene00005757,NC_003281.10,12753348,12755348,+
WBGene00005776,NC_003283.11,16424528,16426528,-
WBGene00005795,NC_003283.11,16418996,16420996,+
WBGene00005814,NC_003283.11,7415660,7417660,+
WBGene00005833,NC_003283.11,19400719,19402719,-
WBGene00005852,NC_003283.11,515226,517226,-
WBGene00005871,NC_003283.11,2974587,2976587,+
WBGene00005890,NC_003283.11,2941505,2943505,-
WBGene00005909,NC_003283.11,17798889,17800889,-
WBGene00005928,NC_003283.11,7132324,7134324,-
WBGene00005947,NC_003283.11,7372390,7374390,+
WBGene00005966,NC_003283.11,4657812,4659812,-
WBGene00005985,NC_003283.11,3623698,3625698,-
WBGene00006004,NC_003283.11,12632148,12634148,-
WBGene00006023,NC_003283.11,13845230,13847230,+
WBGene00006061,NC_003279.8,9488029,9490029,-
WBGene00006080,NC_003283.11,15608890,15610890,+
WBGene00006099,NC_003283.11,2726536,2728536,+
WBGene00006118,NC_003283.11,872008,874008,+
WBGene00006137,NC_003283.11,17716947,17718947,+
WBGene00006156,NC_003283.11,15711998,15713998,-
WBGene00006175,NC_003284.9,12785924,12787924,+
WBGene00006194,NC_003283.11,7688594,7690594,+
WBGene00006213,NC_003282.8,4944071,4946071,+
WBGene00006232,NC_003283.11,9821824,9823824,-
WBGene00006251,NC_003282.8,7171322,7173322,-
WBGene00006270,NC_003283.11,1520785,1522785,+
WBGene00006289,NC_003283.11,15611186,15613186,+
WBGene00006308,NC_003284.9,3270906,3272906,-
WBGene00006327,NC_003284.9,8875340,8877340,+
WBGene00006365,NC_003284.9,2515324,2517324,-
WBGene00006384,NC_003284.9,16330435,16332435,+
WBGene00006441,NC_003282.8,15359544,15361544,+
WBGene00006460,NC_003283.11,10536388,10538388,-
WBGene00006479,NC_003284.9,9148694,9150694,+
WBGene00006498,NC_003281.10,6818935,6820935,+
WBGene00006517,NC_003284.9,14296659,14298659,-
WBGene00006536,NC_003281.10,10742432,10744432,-
WBGene00006555,NC_003282.8,11948570,11950570,+
WBGene00006574,NC_003279.8,8759788,8761788,-
WBGene00006593,NC_003279.8,442003,444003,+
WBGene00006612,NC_003281.10,13428462,13430462,+
WBGene00006631,NC_003282.8,13591745,13593745,-
WBGene00006650,NC_003284.9,1504841,1506841,-
WBGene00006669,NC_003283.11,12395706,12397706,-
WBGene00006688,NC_003283.11,17747059,17749059,-
WBGene00006707,NC_003279.8,11909320,11911320,+
WBGene00006726,NC_003279.8,5608841,5610841,-
WBGene00006745,NC_003282.8,5528338,5530338,-
WBGene00006764,NC_003284.9,8787456,8789456,+
WBGene00006783,NC_003281.10,10186260,10188260,-
WBGene00006802,NC_003281.10,10316939,10318939,+
WBGene00006840,NC_003281.10,8355174,8357174,-
WBGene00006897,NC_003284.9,10980351,10982351,+
WBGene00006916,NC_003282.8,12638462,12640462,+
WBGene00006935,NC_003283.11,8029411,8031411,+
WBGene00006954,NC_003283.11,15344581,15346581,-
WBGene00007011,NC_003284.9,17149522,17151522,+
WBGene00007030,NC_003281.10,12608586,12610586,-
WBGene00007049,NC_003283.11,14536374,14538374,-
WBGene00007068,NC_003284.9,17712961,17714961,+
WBGene00007087,NC_003282.8,12150977,12152977,-
WBGene00007106,NC_003282.8,11314998,11316998,-
WBGene00007125,NC_003283.11,20470485,20472485,-
WBGene00007144,NC_003280.10,11493692,11495692,+
WBGene00007163,NC_003283.11,15605145,15607145,-
WBGene00007182,NC_003283.11,18316612,18318612,+
WBGene00007201,NC_003282.8,13096999,13098999,+
WBGene00007220,NC_003280.10,13769575,13771575,+
WBGene00007239,NC_003283.11,15105943,15107943,-
WBGene00007258,NC_003279.8,7233121,7235121,-
WBGene00007277,NC_003279.8,9656274,9658274,+
WBGene00007296,NC_003284.9,14031794,14033794,+
WBGene00007315,NC_003280.10,14535946,14537946,+
WBGene00007334,NC_003280.10,9938971,9940971,-
WBGene00007353,NC_003280.10,10568602,10570602,+
WBGene00007372,NC_003283.11,15496734,15498734,+
WBGene00007391,NC_003283.11,11144794,11146794,-
WBGene00007410,NC_003284.9,9517019,9519019,+
WBGene00007429,NC_003283.11,10132643,10134643,+
WBGene00007448,NC_003282.8,11164931,11166931,-
WBGene00007467,NC_003280.10,9861494,9863494,-
WBGene00007486,NC_003284.9,16006629,16008629,-
WBGene00007505,NC_003282.8,9366511,9368511,-
WBGene00007543,NC_003283.11,10227829,10229829,+
WBGene00007562,NC_003280.10,10611043,10613043,+
WBGene00007581,NC_003281.10,3707330,3709330,+
WBGene00007600,NC_003279.8,12200232,12202232,+
WBGene00007619,NC_003283.11,14413499,14415499,+
WBGene00007638,NC_003279.8,11620263,11622263,-
WBGene00007657,NC_003279.8,13114188,13116188,-
WBGene00007676,NC_003283.11,17540719,17542719,+
WBGene00007695,NC_003284.9,12220117,12222117,+
WBGene00007714,NC_003283.11,15036869,15038869,-
WBGene00007733,NC_003282.8,12453050,12455050,+
WBGene00007752,NC_003282.8,12651401,12653401,+
WBGene00007771,NC_003284.9,14853762,14855762,-
WBGene00007809,NC_003282.8,11223978,11225978,-
WBGene00007847,NC_003284.9,13994338,13996338,+
WBGene00007866,NC_003282.8,12916556,12918556,+
WBGene00007885,NC_003282.8,9498311,9500311,+
WBGene00007904,NC_003284.9,14069162,14071162,+
WBGene00007923,NC_003281.10,3469746,3471746,-
WBGene00007942,NC_003284.9,11214000,11216000,+
WBGene00007961,NC_003282.8,16348990,16350990,+
WBGene00007980,NC_003281.10,4004114,4006114,-
WBGene00007999,NC_003280.10,14625630,14627630,+
WBGene00008018,NC_003281.10,10362956,10364956,+
WBGene00008037,NC_003284.9,13649099,13651099,+
WBGene00008056,NC_003283.11,15235761,15237761,-
WBGene00008075,NC_003282.8,10593670,10595670,-
WBGene00008094,NC_003284.9,14589101,14591101,-
WBGene00008113,NC_003282.8,9192622,9194622,-
WBGene00008132,NC_003279.8,12968239,12970239,+
WBGene00008151,NC_003282.8,9982276,9984276,-
WBGene00008170,NC_003281.10,9559431,9561431,-
WBGene00008208,NC_003284.9,11982085,11984085,-
WBGene00008227,NC_003283.11,13578968,13580968,+
WBGene00008246,NC_003283.11,9924540,9926540,+
WBGene00008265,NC_003283.11,14529113,14531113,+
WBGene00008284,NC_003282.8,9037163,9039163,-
WBGene00008303,NC_003283.11,12445153,12447153,+
WBGene00008322,NC_003283.11,15643292,15645292,-
WBGene00008341,NC_003283.11,13530744,13532744,-
WBGene00008360,NC_003284.9,14526699,14528699,+
WBGene00008379,NC_003283.11,10804474,10806474,-
WBGene00008398,NC_003279.8,7815042,7817042,-
WBGene00008417,NC_003279.8,7586580,7588580,+
WBGene00008436,NC_003280.10,8010816,8012816,+
WBGene00008455,NC_003280.10,9591164,9593164,-
WBGene00008474,NC_003279.8,12415386,12417386,+
WBGene00008493,NC_003280.10,13999064,14001064,-
WBGene00008512,NC_003282.8,10244160,10246160,+
WBGene00008531,NC_003279.8,8410422,8412422,+
WBGene00008550,NC_003283.11,11263125,11265125,-
WBGene00008569,NC_003279.8,12959932,12961932,-
WBGene00008588,NC_003284.9,11310285,11312285,-
WBGene00008607,NC_003284.9,15097954,15099954,-
WBGene00008626,NC_003282.8,13147576,13149576,+
WBGene00008645,NC_003283.11,12039556,12041556,+
WBGene00008664,NC_003279.8,10044442,10046442,+
WBGene00008683,NC_003282.8,12082478,12084478,+
WBGene00008702,NC_003283.11,18748826,18750826,-
WBGene00008740,NC_003280.10,11724814,11726814,+
WBGene00008759,NC_003282.8,10886015,10888015,-
WBGene00008778,NC_003282.8,9293925,9295925,-
WBGene00008797,NC_003283.11,14306464,14308464,+
WBGene00008816,NC_003283.11,16672298,16674298,-
WBGene00008835,NC_003283.11,15019032,15021032,+
WBGene00008854,NC_003279.8,11563189,11565189,+
WBGene00008873,NC_003283.11,10412149,10414149,-
WBGene00008892,NC_003283.11,18187481,18189481,+
WBGene00008911,NC_003281.10,4746034,4748034,-
WBGene00008930,NC_003280.10,13036841,13038841,-
WBGene00008949,NC_003282.8,12325232,12327232,+
WBGene00008968,NC_003282.8,8754827,8756827,-
WBGene00008987,NC_003283.11,13768488,13770488,-
WBGene00009006,NC_003282.8,8723722,8725722,+
WBGene00009025,NC_003284.9,9899476,9901476,-
WBGene00009044,NC_003280.10,8456194,8458194,-
WBGene00009063,NC_003279.8,13150569,13152569,+
WBGene00009082,NC_003283.11,14447290,14449290,-
WBGene00009101,NC_003283.11,9568807,9570807,-
WBGene00009120,NC_003279.8,10552366,10554366,+
WBGene00009139,NC_003283.11,13466376,13468376,+
WBGene00009158,NC_003279.8,9767846,9769846,-
WBGene00009177,NC_003279.8,9314891,9316891,-
WBGene00009196,NC_003283.11,17042800,17044800,+
WBGene00009215,NC_003282.8,12381170,12383170,+
WBGene00009234,NC_003284.9,14125879,14127879,-
WBGene00009272,NC_003279.8,7833813,7835813,+
WBGene00009291,NC_003283.11,20850701,20852701,-
WBGene00009310,NC_003280.10,13129009,13131009,+
WBGene00009329,NC_003283.11,10893560,10895560,-
WBGene00009367,NC_003279.8,15032515,15034515,+
WBGene00009386,NC_003283.11,11611307,11613307,+
WBGene00009405,NC_003280.10,8259138,8261138,-
WBGene00009424,NC_003283.11,15921279,15923279,+
WBGene00009443,NC_003281.10,4587330,4589330,-
WBGene00009462,NC_003279.8,11286561,11288561,-
WBGene00009481,NC_003279.8,9016179,9018179,-
WBGene00009500,NC_003279.8,9261669,9263669,-
WBGene00009519,NC_003282.8,1249861,1251861,+
WBGene00009538,NC_003282.8,16280714,16282714,-
WBGene00009557,NC_003279.8,14775007,14777007,-
WBGene00009576,NC_003280.10,11127289,11129289,+
WBGene00009595,NC_003281.10,9911993,9913993,+
WBGene00009614,NC_003279.8,12275210,12277210,-
WBGene00009633,NC_003284.9,11375609,11377609,-
WBGene00009652,NC_003283.11,14629888,14631888,+
WBGene00009671,NC_003279.8,8640236,8642236,-
WBGene00009690,NC_003280.10,11766136,11768136,-
WBGene00009709,NC_003283.11,16132805,16134805,-
WBGene00009728,NC_003284.9,12503338,12505338,-
WBGene00009747,NC_003279.8,11241970,11243970,-
WBGene00009766,NC_003283.11,20633719,20635719,-
WBGene00009785,NC_003280.10,8819028,8821028,-
WBGene00009804,NC_003283.11,14323003,14325003,-
WBGene00009823,NC_003279.8,14082582,14084582,-
WBGene00009842,NC_003284.9,11446635,11448635,-
WBGene00009861,NC_003279.8,14296755,14298755,+
WBGene00009880,NC_003282.8,9317380,9319380,+
WBGene00009899,NC_003280.10,8410671,8412671,+
WBGene00009918,NC_003279.8,7347427,7349427,-
WBGene00009937,NC_003279.8,9899076,9901076,+
WBGene00009956,NC_003282.8,12531147,12533147,-
WBGene00009975,NC_003283.11,13785549,13787549,+
WBGene00009994,NC_003283.11,13624047,13626047,+
WBGene00010013,NC_003280.10,10249266,10251266,+
WBGene00010032,NC_003284.9,13603567,13605567,+
WBGene00010051,NC_003280.10,11567020,11569020,-
WBGene00010070,NC_003280.10,13505819,13507819,+
WBGene00010089,NC_003283.11,13821052,13823052,+
WBGene00010108,NC_003283.11,11384728,11386728,+
WBGene00010127,NC_003282.8,12958436,12960436,+
WBGene00010146,NC_003282.8,10654147,10656147,-
WBGene00010165,NC_003279.8,12288449,12290449,+
WBGene00010184,NC_003283.11,15764575,15766575,+
WBGene00010203,NC_003283.11,16483144,16485144,-
WBGene00010222,NC_003284.9,12160052,12162052,-
WBGene00010241,NC_003282.8,13187767,13189767,+
WBGene00010260,NC_003283.11,14012052,14014052,-
WBGene00010279,NC_003283.11,13659257,13661257,+
WBGene00010298,NC_003283.11,17667776,17669776,-
WBGene00010317,NC_003282.8,9441107,9443107,-
WBGene00010336,NC_003284.9,15838546,15840546,-
WBGene00010355,NC_003283.11,15341504,15343504,-
WBGene00010374,NC_003282.8,13825886,13827886,+
WBGene00010412,NC_003282.8,16211013,16213013,-
WBGene00010431,NC_003284.9,12940458,12942458,+
WBGene00010450,NC_003281.10,3423738,3425738,+
WBGene00010469,NC_003283.11,12404229,12406229,+
WBGene00010488,NC_003279.8,9747923,9749923,-
WBGene00010507,NC_003283.11,20378561,20380561,+
WBGene00010526,NC_003283.11,11390494,11392494,-
WBGene00010545,NC_003281.10,9921174,9923174,+
WBGene00010564,NC_003279.8,8039831,8041831,-
WBGene00010583,NC_003279.8,14735702,14737702,+
WBGene00010602,NC_003283.11,15685960,15687960,+
WBGene00010621,NC_003279.8,8681325,8683325,-
WBGene00010640,NC_003282.8,9862117,9864117,+
WBGene00010659,NC_003282.8,12912129,12914129,-
WBGene00010678,NC_003282.8,10127257,10129257,+
WBGene00010697,NC_003283.11,10002755,10004755,+
WBGene00010716,NC_003284.9,10964551,10966551,+
WBGene00010735,NC_003283.11,12678107,12680107,+
WBGene00010754,NC_003283.11,17301475,17303475,-
WBGene00010773,NC_003284.9,13712157,13714157,+
WBGene00010792,NC_003283.11,11892331,11894331,+
WBGene00010811,NC_003281.10,3519607,3521607,-
WBGene00010830,NC_003280.10,10324041,10326041,+
WBGene00010849,NC_003282.8,11548771,11550771,-
WBGene00010868,NC_003283.11,13391395,13393395,-
WBGene00010887,NC_003282.8,11097982,11099982,-
WBGene00010906,NC_003281.10,4545059,4547059,-
WBGene00010925,NC_003284.9,12154105,12156105,-
WBGene00010944,NC_003280.10,9427744,9429744,-
WBGene00010963,NC_001328.1,4506,6506,+
WBGene00010982,NC_003284.9,15431787,15433787,+
WBGene00011001,NC_003283.11,10078344,10080344,-
WBGene00011020,NC_003282.8,14176473,14178473,-
WBGene00011039,NC_003280.10,10200006,10202006,-
WBGene00011058,NC_003279.8,11923915,11925915,-
WBGene00011077,NC_003284.9,9861580,9863580,+
WBGene00011096,NC_003283.11,12087073,12089073,+
WBGene00011115,NC_003281.10,4419167,4421167,-
WBGene00011134,NC_003283.11,14709377,14711377,+
WBGene00011153,NC_003284.9,12617465,12619465,+
WBGene00011172,NC_003282.8,10318299,10320299,-
WBGene00011191,NC_003283.11,13958347,13960347,-
WBGene00011210,NC_003283.11,18244808,18246808,+
WBGene00011229,NC_003284.9,16210618,16212618,-
WBGene00011248,NC_003283.11,12727520,12729520,+
WBGene00011267,NC_003281.10,10848963,10850963,-
WBGene00011286,NC_003283.11,12906832,12908832,-
WBGene00011305,NC_003283.11,12963343,12965343,-
WBGene00011324,NC_003283.11,15003100,15005100,+
WBGene00011362,NC_003283.11,14166730,14168730,-
WBGene00011381,NC_003283.11,11352993,11354993,-
WBGene00011400,NC_003281.10,13384150,13386150,+
WBGene00011419,NC_003282.8,12484579,12486579,-
WBGene00011438,NC_003283.11,11756935,11758935,+
WBGene00011476,NC_003281.10,13570447,13572447,-
WBGene00011495,NC_003279.8,9651021,9653021,+
WBGene00011514,NC_003283.11,15867311,15869311,+
WBGene00011533,NC_003283.11,9629244,9631244,+
WBGene00011571,NC_003283.11,9949233,9951233,+
WBGene00011590,NC_003283.11,12870053,12872053,+
WBGene00011609,NC_003284.9,175396,177396,+
WBGene00011628,NC_003283.11,14046321,14048321,-
WBGene00011647,NC_003283.11,13150919,13152919,+
WBGene00011666,NC_003283.11,15148961,15150961,+
WBGene00011685,NC_003284.9,15162408,15164408,+
WBGene00011704,NC_003283.11,9878167,9880167,+
WBGene00011723,NC_003282.8,11761111,11763111,-
WBGene00011742,NC_003282.8,12029174,12031174,-
WBGene00011761,NC_003280.10,8516510,8518510,+
WBGene00011780,NC_003279.8,12379808,12381808,+
WBGene00011799,NC_003283.11,12939552,12941552,-
WBGene00011818,NC_003281.10,10104328,10106328,-
WBGene00011837,NC_003283.11,11252529,11254529,-
WBGene00011856,NC_003282.8,9330855,9332855,-
WBGene00011875,NC_003281.10,10216942,10218942,+
WBGene00011894,NC_003283.11,10589860,10591860,-
WBGene00011913,NC_003279.8,7938487,7940487,-
WBGene00011932,NC_003283.11,13891325,13893325,+
WBGene00011951,NC_003282.8,12724760,12726760,-
WBGene00011970,NC_003279.8,7681341,7683341,+
WBGene00011989,NC_003284.9,12572773,12574773,+
WBGene00012008,NC_003282.8,10751840,10753840,-
WBGene00012027,NC_003283.11,16726731,16728731,+
WBGene00012046,NC_003283.11,15792509,15794509,-
WBGene00012065,NC_003283.11,19237304,19239304,-
WBGene00012084,NC_003281.10,3694672,3696672,-
WBGene00012103,NC_003279.8,12478594,12480594,-
WBGene00012122,NC_003282.8,8830727,8832727,-
WBGene00012179,NC_003280.10,14813518,14815518,+
WBGene00012198,NC_003280.10,13906914,13908914,+
WBGene00012217,NC_003284.9,11105460,11107460,-
WBGene00012236,NC_003279.8,13840087,13842087,-
WBGene00012255,NC_003284.9,11057994,11059994,+
WBGene00012274,NC_003279.8,13031483,13033483,+
WBGene00012293,NC_003283.11,14822424,14824424,+
WBGene00012312,NC_003283.11,16647193,16649193,-
WBGene00012350,NC_003284.9,15146634,15148634,-
WBGene00012369,NC_003279.8,13827988,13829988,-
WBGene00012388,NC_003279.8,13707779,13709779,+
WBGene00012407,NC_003284.9,15771493,15773493,-
WBGene00012426,NC_003282.8,9231051,9233051,-
WBGene00012445,NC_003284.9,14771851,14773851,-
WBGene00012464,NC_003280.10,12062621,12064621,-
WBGene00012483,NC_003279.8,12903449,12905449,-
WBGene00012502,NC_003279.8,13071190,13073190,-
WBGene00012521,NC_003283.11,16535001,16537001,+
WBGene00012540,NC_003282.8,14043780,14045780,-
WBGene00012559,NC_003281.10,12932717,12934717,+
WBGene00012578,NC_003279.8,13776895,13778895,+
WBGene00012597,NC_003280.10,12638670,12640670,+
WBGene00012616,NC_003283.11,20500505,20502505,-
WBGene00012635,NC_003282.8,13480769,13482769,+
WBGene00012654,NC_003281.10,10677271,10679271,+
WBGene00012673,NC_003283.11,19125525,19127525,+
WBGene00012692,NC_003283.11,18999956,19001956,+
WBGene00012711,NC_003281.10,12949412,12951412,+
WBGene00012730,NC_003280.10,14066907,14068907,+
WBGene00012749,NC_003281.10,11645769,11647769,+
WBGene00012768,NC_003282.8,15035331,15037331,+
WBGene00012787,NC_003282.8,16741830,16743830,+
WBGene00012806,NC_003281.10,13313123,13315123,+
WBGene00012825,NC_003283.11,19622626,19624626,-
WBGene00012844,NC_003280.10,12118406,12120406,+
WBGene00012863,NC_003281.10,10592829,10594829,-
WBGene00012901,NC_003280.10,12758797,12760797,+
WBGene00012920,NC_003280.10,12788153,12790153,-
WBGene00012939,NC_003281.10,11380222,11382222,+
WBGene00012958,NC_003279.8,12087856,12089856,-
WBGene00012977,NC_003281.10,11117803,11119803,+
WBGene00012996,NC_003280.10,13400980,13402980,+
WBGene00013015,NC_003280.10,13422542,13424542,+
WBGene00013034,NC_003281.10,12421718,12423718,-
WBGene00013053,NC_003283.11,14777996,14779996,+
WBGene00013072,NC_003283.11,18506864,18508864,+
WBGene00013091,NC_003280.10,9397596,9399596,-
WBGene00013129,NC_003279.8,11037056,11039056,+
WBGene00013148,NC_003280.10,14877153,14879153,-
WBGene00013167,NC_003280.10,15088180,15090180,+
WBGene00013186,NC_003279.8,11415008,11417008,+
WBGene00013224,NC_003282.8,12605431,12607431,-
WBGene00013243,NC_003281.10,11972477,11974477,+
WBGene00013281,NC_003280.10,12417614,12419614,-
WBGene00013300,NC_003282.8,14707586,14709586,+
WBGene00013319,NC_003282.8,14917610,14919610,+
WBGene00013338,NC_003282.8,14713800,14715800,+
WBGene00013357,NC_003283.11,19986313,19988313,-
WBGene00013376,NC_003282.8,13369999,13371999,+
WBGene00013395,NC_003284.9,11885677,11887677,-
WBGene00013433,NC_003281.10,11580478,11582478,-
WBGene00013452,NC_003282.8,14334459,14336459,-
WBGene00013471,NC_003283.11,17245506,17247506,-
WBGene00013490,NC_003283.11,16623211,16625211,-
WBGene00013509,NC_003279.8,14002428,14004428,+
WBGene00013528,NC_003282.8,15444581,15446581,-
WBGene00013547,NC_003281.10,12183019,12185019,-
WBGene00013566,NC_003283.11,15107560,15109560,+
WBGene00013585,NC_003283.11,18910036,18912036,+
WBGene00013604,NC_003279.8,13514290,13516290,-
WBGene00013623,NC_003283.11,16964814,16966814,+
WBGene00013642,NC_003282.8,15818059,15820059,+
WBGene00013661,NC_003282.8,16055283,16057283,+
WBGene00013680,NC_003279.8,14565853,14567853,-
WBGene00013699,NC_003279.8,10108982,10110982,+
WBGene00013718,NC_003279.8,10443563,10445563,-
WBGene00013737,NC_003281.10,12662286,12664286,-
WBGene00013756,NC_003283.11,20194971,20196971,+
WBGene00013775,NC_003282.8,16820829,16822829,+
WBGene00013794,NC_003282.8,17025117,17027117,-
WBGene00013832,NC_003283.11,20301588,20303588,+
WBGene00013870,NC_003284.9,10074391,10076391,-
WBGene00013889,NC_003283.11,14879780,14881780,-
WBGene00013908,NC_003283.11,12790518,12792518,-
WBGene00013927,NC_003279.8,11146973,11148973,+
WBGene00013946,NC_003283.11,18461250,18463250,-
WBGene00013965,NC_003283.11,9685659,9687659,-
WBGene00013984,NC_003281.10,9143340,9145340,+
WBGene00014003,NC_003282.8,10913688,10915688,+
WBGene00014022,NC_003281.10,8885751,8887751,+
WBGene00014041,NC_003280.10,10471347,10473347,-
WBGene00014060,NC_003280.10,10450920,10452920,+
WBGene00014079,NC_003282.8,11692443,11694443,+
WBGene00014098,NC_003283.11,12192507,12194507,+
WBGene00014117,NC_003279.8,9127101,9129101,-
WBGene00014136,NC_003282.8,12879645,12881645,-
WBGene00014155,NC_003280.10,11880614,11882614,+
WBGene00014174,NC_003280.10,10307637,10309637,+
WBGene00014193,NC_003283.11,15320982,15322982,+
WBGene00014250,NC_003280.10,9647491,9649491,+
WBGene00014269,NC_003281.10,4429024,4431024,-
WBGene00014288,NC_003279.8,12324944,12326944,-
WBGene00014307,NC_003280.10,8782535,8784535,+
WBGene00014326,NC_003279.8,9268999,9270999,-
WBGene00014345,NC_003279.8,13156429,13158429,-
WBGene00014364,NC_003284.9,9637923,9639923,-
WBGene00014402,NC_003281.10,4470958,4472958,-
WBGene00014421,NC_003283.11,11391214,11393214,-
WBGene00014440,NC_003284.9,13715195,13717195,+
WBGene00014459,NC_001328.1,1307,3307,+
WBGene00014478,NC_003284.9,13305034,13307034,+
WBGene00014497,NC_003284.9,10732061,10734061,-
WBGene00014516,NC_003283.11,16029338,16031338,-
WBGene00014535,NC_003281.10,11351029,11353029,+
WBGene00014554,NC_003284.9,15771527,15773527,+
WBGene00014573,NC_003282.8,16774088,16776088,+
WBGene00014592,NC_003282.8,14576693,14578693,-
WBGene00014611,NC_003282.8,15931413,15933413,-
WBGene00014630,NC_003282.8,11928596,11930596,-
WBGene00014649,NC_003283.11,19595936,19597936,-
WBGene00014668,NC_003280.10,9375110,9377110,+
WBGene00014706,NC_003283.11,17785785,17787785,-
WBGene00014744,NC_003283.11,13449197,13451197,+
WBGene00014763,NC_003284.9,15246973,15248973,+
WBGene00014782,NC_003283.11,17660171,17662171,+
WBGene00014801,NC_003281.10,10146801,10148801,-
WBGene00014820,NC_003279.8,11903957,11905957,+
WBGene00014839,NC_003283.11,15282242,15284242,+
WBGene00014858,NC_003279.8,13633042,13635042,+
WBGene00014877,NC_003283.11,19059074,19061074,-
WBGene00014896,NC_003283.11,19624116,19626116,-
WBGene00014915,NC_003279.8,11964271,11966271,+
WBGene00014934,NC_003283.11,19920931,19922931,+
WBGene00014953,NC_003280.10,13078907,13080907,+
WBGene00014972,NC_003283.11,20126242,20128242,-
WBGene00014991,NC_003282.8,11963855,11965855,-
WBGene00015010,NC_003279.8,4652906,4654906,-
WBGene00015029,NC_003279.8,5936957,5938957,-
WBGene00015048,NC_003282.8,8150445,8152445,+
WBGene00015067,NC_003283.11,5243136,5245136,-
WBGene00015105,NC_003281.10,7133678,7135678,-
WBGene00015124,NC_003281.10,8682808,8684808,+
WBGene00015143,NC_003281.10,5709542,5711542,+
WBGene00015162,NC_003281.10,7290562,7292562,-
WBGene00015181,NC_003284.9,9270853,9272853,-
WBGene00015200,NC_003280.10,3054321,3056321,-
WBGene00015219,NC_003283.11,8772332,8774332,+
WBGene00015238,NC_003279.8,10636028,10638028,-
WBGene00015257,NC_003283.11,427144,429144,+
WBGene00015295,NC_003284.9,7442577,7444577,-
WBGene00015333,NC_003281.10,7865288,7867288,-
WBGene00015352,NC_003281.10,8243029,8245029,-
WBGene00015371,NC_003283.11,5192543,5194543,-
WBGene00015390,NC_003284.9,5406445,5408445,-
WBGene00015409,NC_003280.10,378235,380235,+
WBGene00015428,NC_003284.9,356092,358092,+
WBGene00015447,NC_003283.11,5105034,5107034,-
WBGene00015466,NC_003283.11,7235381,7237381,+
WBGene00015485,NC_003281.10,6427305,6429305,-
WBGene00015504,NC_003279.8,5985871,5987871,-
WBGene00015523,NC_003281.10,8597870,8599870,-
WBGene00015561,NC_003284.9,4522144,4524144,-
WBGene00015580,NC_003281.10,7506178,7508178,+
WBGene00015599,NC_003280.10,1614072,1616072,-
WBGene00015618,NC_003280.10,768553,770553,+
WBGene00015637,NC_003281.10,6530947,6532947,+
WBGene00015656,NC_003282.8,3479011,3481011,-
WBGene00015675,NC_003284.9,16754574,16756574,-
WBGene00015694,NC_003279.8,4722065,4724065,+
WBGene00015713,NC_003284.9,3497253,3499253,+
WBGene00015751,NC_003284.9,2814147,2816147,-
WBGene00015770,NC_003284.9,1824466,1826466,+
WBGene00015789,NC_003284.9,3162525,3164525,+
WBGene00015827,NC_003280.10,1873958,1875958,+
WBGene00015846,NC_003280.10,3461686,3463686,-
WBGene00015865,NC_003284.9,6938217,6940217,+
WBGene00015884,NC_003283.11,3342006,3344006,-
WBGene00015903,NC_003283.11,3890861,3892861,-
WBGene00015922,NC_003284.9,8167930,8169930,+
WBGene00015941,NC_003280.10,5714307,5716307,+
WBGene00015960,NC_003283.11,7490440,7492440,-
WBGene00015979,NC_003281.10,6269561,6271561,+
WBGene00015998,NC_003282.8,601695,603695,-
WBGene00016017,NC_003281.10,6215576,6217576,-
WBGene00016055,NC_003282.8,5158522,5160522,+
WBGene00016074,NC_003280.10,410932,412932,-
WBGene00016093,NC_003283.11,9033985,9035985,+
WBGene00016112,NC_003280.10,5692193,5694193,+
WBGene00016131,NC_003284.9,5342587,5344587,+
WBGene00016150,NC_003283.11,7758474,7760474,+
WBGene00016169,NC_003281.10,4984494,4986494,-
WBGene00016188,NC_003284.9,8835715,8837715,-
WBGene00016207,NC_003281.10,7935848,7937848,+
WBGene00016226,NC_003281.10,122033,124033,-
WBGene00016245,NC_003280.10,6196948,6198948,-
WBGene00016264,NC_003279.8,6999706,7001706,-
WBGene00016283,NC_003283.11,2909625,2911625,-
WBGene00016302,NC_003280.10,952926,954926,+
WBGene00016321,NC_003279.8,3784588,3786588,+
WBGene00016340,NC_003280.10,2186434,2188434,-
WBGene00016359,NC_003280.10,4827884,4829884,-
WBGene00016378,NC_003282.8,7789613,7791613,-
WBGene00016397,NC_003282.8,7154628,7156628,+
WBGene00016416,NC_003280.10,5193804,5195804,+
WBGene00016435,NC_003282.8,4084209,4086209,-
WBGene00016454,NC_003279.8,10839098,10841098,+
WBGene00016473,NC_003283.11,3164560,3166560,+
WBGene00016492,NC_003279.8,6789002,6791002,-
WBGene00016511,NC_003283.11,4862965,4864965,-
WBGene00016530,NC_003284.9,7887215,7889215,+
WBGene00016549,NC_003280.10,2145666,2147666,-
WBGene00016568,NC_003284.9,5720224,5722224,-
WBGene00016587,NC_003282.8,12287449,12289449,+
WBGene00016606,NC_003279.8,4247582,4249582,-
WBGene00016625,NC_003280.10,6863752,6865752,-
WBGene00016644,NC_003284.9,978008,980008,-
WBGene00016663,NC_003279.8,3117628,3119628,-
WBGene00016682,NC_003281.10,5068725,5070725,-
WBGene00016701,NC_003282.8,7759627,7761627,-
WBGene00016720,NC_003280.10,1894062,1896062,+
WBGene00016739,NC_003282.8,7392085,7394085,+
WBGene00016758,NC_003282.8,6217693,6219693,+
WBGene00016777,NC_003280.10,3864752,3866752,-
WBGene00016796,NC_003282.8,1168708,1170708,+
WBGene00016815,NC_003283.11,7603158,7605158,+
WBGene00016834,NC_003280.10,12301525,12303525,+
WBGene00016853,NC_003283.11,3076072,3078072,+
WBGene00016872,NC_003284.9,1293253,1295253,+
WBGene00016891,NC_003283.11,5760232,5762232,-
WBGene00016929,NC_003283.11,7538118,7540118,-
WBGene00016948,NC_003279.8,2566860,2568860,+
WBGene00017005,NC_003279.8,4602403,4604403,+
WBGene00017024,NC_003280.10,7458806,7460806,-
WBGene00017062,NC_003283.11,4341308,4343308,-
WBGene00017100,NC_003281.10,2463413,2465413,+
WBGene00017119,NC_003282.8,4745492,4747492,-
WBGene00017138,NC_003280.10,5398902,5400902,-
WBGene00017157,NC_003284.9,7005575,7007575,-
WBGene00017176,NC_003284.9,4464518,4466518,+
WBGene00017195,NC_003283.11,9243221,9245221,-
WBGene00017214,NC_003280.10,2080525,2082525,-
WBGene00017233,NC_003283.11,7321009,7323009,-
WBGene00017252,NC_003280.10,2772266,2774266,-
WBGene00017271,NC_003281.10,7341689,7343689,+
WBGene00017290,NC_003280.10,5370741,5372741,-
WBGene00017309,NC_003284.9,4128450,4130450,-
WBGene00017328,NC_003281.10,470317,472317,+
WBGene00017347,NC_003280.10,7109978,7111978,+
WBGene00017366,NC_003283.11,7337318,7339318,-
WBGene00017385,NC_003280.10,4855923,4857923,+
WBGene00017404,NC_003280.10,3735334,3737334,+
WBGene00017423,NC_003284.9,591960,593960,+
WBGene00017442,NC_003280.10,6281102,6283102,-
WBGene00017461,NC_003280.10,3344967,3346967,-
WBGene00017480,NC_003282.8,6606188,6608188,-
WBGene00017499,NC_003283.11,2328429,2330429,+
WBGene00017518,NC_003280.10,2370390,2372390,+
WBGene00017537,NC_003283.11,6112997,6114997,-
WBGene00017556,NC_003280.10,3414483,3416483,-
WBGene00017594,NC_003282.8,4600865,4602865,+
WBGene00017613,NC_003283.11,7049715,7051715,+
WBGene00017632,NC_003284.9,4207485,4209485,-
WBGene00017651,NC_003279.8,3709435,3711435,-
WBGene00017670,NC_003284.9,1356482,1358482,-
WBGene00017708,NC_003280.10,2636388,2638388,+
WBGene00017727,NC_003284.9,16677707,16679707,-
WBGene00017746,NC_003280.10,31584,33584,-
WBGene00017765,NC_003283.11,5710928,5712928,+
WBGene00017784,NC_003283.11,7449721,7451721,+
WBGene00017803,NC_003281.10,4815540,4817540,+
WBGene00017822,NC_003283.11,7952955,7954955,-
WBGene00017841,NC_003280.10,4771382,4773382,-
WBGene00017860,NC_003279.8,5446855,5448855,-
WBGene00017879,NC_003283.11,8636221,8638221,+
WBGene00017898,NC_003284.9,535828,537828,-
WBGene00017917,NC_003280.10,2757018,2759018,-
WBGene00017936,NC_003282.8,4235365,4237365,-
WBGene00017955,NC_003280.10,6807262,6809262,-
WBGene00017974,NC_003284.9,5281831,5283831,+
WBGene00017993,NC_003282.8,7580112,7582112,-
WBGene00018031,NC_003284.9,17020958,17022958,-
WBGene00018050,NC_003280.10,4621750,4623750,-
WBGene00018069,NC_003282.8,8323967,8325967,+
WBGene00018088,NC_003283.11,9398327,9400327,+
WBGene00018107,NC_003280.10,1753090,1755090,-
WBGene00018145,NC_003282.8,3873806,3875806,-
WBGene00018164,NC_003282.8,6599674,6601674,+
WBGene00018202,NC_003284.9,16892877,16894877,+
WBGene00018221,NC_003283.11,7893862,7895862,-
WBGene00018240,NC_003281.10,188986,190986,+
WBGene00018259,NC_003284.9,6836115,6838115,-
WBGene00018278,NC_003284.9,6874823,6876823,-
WBGene00018297,NC_003283.11,4648239,4650239,-
WBGene00018316,NC_003282.8,5367801,5369801,+
WBGene00018335,NC_003282.8,8607234,8609234,+
WBGene00018354,NC_003280.10,2417989,2419989,-
WBGene00018373,NC_003284.9,16662823,16664823,-
WBGene00018392,NC_003280.10,7356893,7358893,+
WBGene00018411,NC_003281.10,8033634,8035634,-
WBGene00018430,NC_003283.11,5790553,5792553,-
WBGene00018449,NC_003280.10,1017438,1019438,+
WBGene00018468,NC_003282.8,7586931,7588931,+
WBGene00018487,NC_003284.9,7554426,7556426,-
WBGene00018506,NC_003280.10,786439,788439,+
WBGene00018525,NC_003279.8,3970162,3972162,+
WBGene00018544,NC_003283.11,3857861,3859861,-
WBGene00018563,NC_003281.10,6296022,6298022,-
WBGene00018582,NC_003279.8,6590469,6592469,+
WBGene00018601,NC_003279.8,5332780,5334780,-
WBGene00018620,NC_003283.11,628627,630627,-
WBGene00018639,NC_003284.9,5895338,5897338,+
WBGene00018658,NC_003280.10,1925879,1927879,+
WBGene00018696,NC_003283.11,8394457,8396457,-
WBGene00018715,NC_003284.9,2541053,2543053,-
WBGene00018734,NC_003280.10,1195374,1197374,+
WBGene00018772,NC_003279.8,132337,134337,+
WBGene00018791,NC_003279.8,5016260,5018260,-
WBGene00018810,NC_003280.10,3832483,3834483,-
WBGene00018829,NC_003281.10,5661085,5663085,-
WBGene00018848,NC_003279.8,10791401,10793401,+
WBGene00018867,NC_003279.8,5367986,5369986,-
WBGene00018886,NC_003284.9,8351084,8353084,-
WBGene00018924,NC_003282.8,546300,548300,+
WBGene00018943,NC_003284.9,1367516,1369516,-
WBGene00018981,NC_003279.8,6136501,6138501,+
WBGene00019019,NC_003282.8,7955804,7957804,+
WBGene00019038,NC_003280.10,1678975,1680975,-
WBGene00019057,NC_003282.8,6231240,6233240,+
WBGene00019076,NC_003279.8,5507023,5509023,-
WBGene00019095,NC_003283.11,2006609,2008609,+
WBGene00019114,NC_003283.11,8970552,8972552,-
WBGene00019133,NC_003280.10,2017654,2019654,+
WBGene00019152,NC_003282.8,5893490,5895490,+
WBGene00019171,NC_003281.10,3060362,3062362,-
WBGene00019190,NC_003280.10,6067166,6069166,-
WBGene00019209,NC_003280.10,1500330,1502330,-
WBGene00019228,NC_003282.8,8716453,8718453,+
WBGene00019247,NC_003279.8,6845511,6847511,+
WBGene00019266,NC_003284.9,8605058,8607058,-
WBGene00019285,NC_003280.10,332519,334519,-
WBGene00019304,NC_003281.10,8780012,8782012,-
WBGene00019323,NC_003279.8,6812511,6814511,+
WBGene00019342,NC_003280.10,2535052,2537052,-
WBGene00019361,NC_003279.8,3417600,3419600,+
WBGene00019380,NC_003281.10,6887774,6889774,+
WBGene00019399,NC_003279.8,6364331,6366331,+
WBGene00019418,NC_003280.10,1556317,1558317,-
WBGene00019437,NC_003284.9,1535361,1537361,-
WBGene00019456,NC_003281.10,8091573,8093573,+
WBGene00019494,NC_003280.10,665755,667755,+
WBGene00019513,NC_003280.10,2986300,2988300,+
WBGene00019532,NC_003282.8,4155634,4157634,+
WBGene00019570,NC_003284.9,8679900,8681900,+
WBGene00019589,NC_003280.10,2279305,2281305,-
WBGene00019608,NC_003280.10,6365367,6367367,-
WBGene00019627,NC_003281.10,5189124,5191124,+
WBGene00019646,NC_003283.11,5035158,5037158,-
WBGene00019665,NC_003282.8,647665,649665,+
WBGene00019684,NC_003280.10,2824269,2826269,-
WBGene00019703,NC_003280.10,1042327,1044327,-
WBGene00019722,NC_003284.9,704790,706790,+
WBGene00019741,NC_003283.11,462828,464828,+
WBGene00019760,NC_003284.9,4970913,4972913,-
WBGene00019779,NC_003284.9,8240301,8242301,+
WBGene00019798,NC_003280.10,3643743,3645743,+
WBGene00019817,NC_003283.11,240500,242500,-
WBGene00019836,NC_003281.10,5483773,5485773,-
WBGene00019855,NC_003280.10,4153773,4155773,+
WBGene00019874,NC_003282.8,2059111,2061111,-
WBGene00019893,NC_003280.10,4903796,4905796,-
WBGene00019912,NC_003281.10,972269,974269,-
WBGene00019931,NC_003282.8,4150456,4152456,+
WBGene00019950,NC_003282.8,4420329,4422329,+
WBGene00019969,NC_003283.11,3792733,3794733,+
WBGene00019988,NC_003284.9,8307700,8309700,-
