Chromosome,Gene,Motif,BED_Start,BED_End,Motif Type,Position,Nucleotide,Strand,A,C,G,T,Sum_nm,A->G Ratio,A->T/(A->G+A->T) Ratio
NC_003283.11,hsp-16.1,TTCTAGAACATTC,9087866,9087878,trimer,9087872,A,+,115.0,0.0,1.0,0.0,116.0,0.0086206896551724,0.0
NC_003283.11,hsp-16.1,TTCTAGAACATTC,9087866,9087878,trimer,9087873,A,+,125.0,0.0,6.0,0.0,131.0,0.0458015267175572,0.0
NC_003283.11,hsp-16.1,TTCTAGAACATTC,9088020,9088032,trimer,9088026,A,+,66.0,1.0,7.0,0.0,74.0,0.0945945945945946,0.0
NC_003283.11,hsp-16.1,TTCTAGAACATTC,9088020,9088032,trimer,9088027,A,+,68.0,0.0,7.0,0.0,75.0,0.0933333333333333,0.0
NC_003283.11,hsp-16.1,TTCAAGAA,9088124,9088131,dimer,9088130,A,+,66.0,0.0,5.0,0.0,71.0,0.0704225352112676,0.0
NC_003283.11,hsp-16.1,TTCAAGAA,9088124,9088131,dimer,9088131,A,+,68.0,0.0,4.0,0.0,72.0,0.0555555555555555,0.0
NC_003283.11,hsp-16.1,ttcaagaa,9088430,9088437,dimer,9088436,A,+,64.0,0.0,7.0,0.0,71.0,0.0985915492957746,0.0
NC_003283.11,hsp-16.1,ttcaagaa,9088430,9088437,dimer,9088437,A,+,60.0,0.0,2.0,2.0,64.0,0.03125,0.5
NC_003283.11,hsp-16.1,TTCCAGAA,9088751,9088758,dimer,9088757,A,+,35.0,0.0,3.0,0.0,38.0,0.0789473684210526,0.0
NC_003283.11,hsp-16.1,TTCCAGAA,9088751,9088758,dimer,9088758,A,+,32.0,0.0,6.0,0.0,38.0,0.1578947368421052,0.0
NC_003283.11,hsp-16.1,ttcttgaa,9089460,9089467,dimer,9089466,A,+,114.0,0.0,5.0,2.0,121.0,0.0413223140495867,0.2857142857142857
NC_003283.11,hsp-16.1,ttcttgaa,9089460,9089467,dimer,9089467,A,+,102.0,1.0,19.0,2.0,124.0,0.1532258064516129,0.09523809523809523
NC_003283.11,hsp-16.1,TTCTTGAA,9089766,9089773,dimer,9089772,A,+,55.0,0.0,1.0,0.0,56.0,0.0178571428571428,0.0
NC_003283.11,hsp-16.1,TTCTTGAA,9089766,9089773,dimer,9089773,A,+,54.0,0.0,3.0,0.0,57.0,0.0526315789473684,0.0
NC_003283.11,hsp-16.1,TTCTAGAACATTC,9087866,9087878,trimer,9087866,T,-,0.0,3.0,1.0,105.0,109.0,0.0275229357798165,0.0
NC_003283.11,hsp-16.1,TTCTAGAACATTC,9087866,9087878,trimer,9087867,T,-,0.0,4.0,0.0,101.0,105.0,0.0380952380952381,0.0
NC_003283.11,hsp-16.1,TTCTAGAACATTC,9087866,9087878,trimer,9087876,T,-,0.0,7.0,0.0,90.0,97.0,0.0721649484536082,0.0
NC_003283.11,hsp-16.1,TTCTAGAACATTC,9087866,9087878,trimer,9087877,T,-,0.0,18.0,0.0,70.0,88.0,0.2045454545454545,0.0
NC_003283.11,hsp-16.1,TTCTAGAACATTC,9088020,9088032,trimer,9088020,T,-,0.0,5.0,0.0,55.0,60.0,0.0833333333333333,0.0
NC_003283.11,hsp-16.1,TTCTAGAACATTC,9088020,9088032,trimer,9088021,T,-,0.0,3.0,0.0,55.0,58.0,0.0517241379310344,0.0
NC_003283.11,hsp-16.1,TTCTAGAACATTC,9088020,9088032,trimer,9088030,T,-,1.0,13.0,0.0,47.0,61.0,0.2131147540983606,0.07142857142857142
NC_003283.11,hsp-16.1,TTCTAGAACATTC,9088020,9088032,trimer,9088031,T,-,0.0,1.0,1.0,60.0,62.0,0.0161290322580645,0.0
NC_003283.11,hsp-16.1,TTCAAGAA,9088124,9088131,dimer,9088124,T,-,0.0,6.0,1.0,53.0,60.0,0.1,0.0
NC_003283.11,hsp-16.1,TTCAAGAA,9088124,9088131,dimer,9088125,T,-,0.0,0.0,0.0,58.0,58.0,0.0,0.0
NC_003283.11,hsp-16.1,ttcaagaa,9088430,9088437,dimer,9088430,T,-,0.0,13.0,1.0,117.0,131.0,0.099236641221374,0.0
NC_003283.11,hsp-16.1,ttcaagaa,9088430,9088437,dimer,9088431,T,-,0.0,7.0,1.0,117.0,125.0,0.056,0.0
NC_003283.11,hsp-16.1,TTCCAGAA,9088751,9088758,dimer,9088751,T,-,0.0,32.0,0.0,160.0,192.0,0.1666666666666666,0.0
NC_003283.11,hsp-16.1,TTCCAGAA,9088751,9088758,dimer,9088752,T,-,0.0,10.0,0.0,182.0,192.0,0.0520833333333333,0.0
NC_003283.11,hsp-16.1,ttcttgaa,9089460,9089467,dimer,9089460,T,-,0.0,13.0,0.0,63.0,76.0,0.1710526315789473,0.0
NC_003283.11,hsp-16.1,ttcttgaa,9089460,9089467,dimer,9089461,T,-,0.0,9.0,0.0,67.0,76.0,0.1184210526315789,0.0
NC_003283.11,hsp-16.1,TTCTTGAA,9089766,9089773,dimer,9089766,T,-,0.0,6.0,0.0,66.0,72.0,0.0833333333333333,0.0
NC_003283.11,hsp-16.1,TTCTTGAA,9089766,9089773,dimer,9089767,T,-,0.0,6.0,0.0,64.0,70.0,0.0857142857142857,0.0
NC_003283.11,hsp-16.2,TTCTAGAACATTC,1805015,1805027,trimer,1805021,A,+,119.0,0.0,1.0,0.0,120.0,0.0083333333333333,0.0
NC_003283.11,hsp-16.2,TTCTAGAACATTC,1805015,1805027,trimer,1805022,A,+,123.0,0.0,5.0,0.0,128.0,0.0390625,0.0
NC_003283.11,hsp-16.2,TTCTAGAACATTC,1805169,1805181,trimer,1805175,A,+,99.0,1.0,3.0,0.0,103.0,0.029126213592233,0.0
NC_003283.11,hsp-16.2,TTCTAGAACATTC,1805169,1805181,trimer,1805176,A,+,97.0,0.0,4.0,2.0,103.0,0.0388349514563106,0.3333333333333333
NC_003283.11,hsp-16.2,TTCAAGAA,1805573,1805580,dimer,1805579,A,+,70.0,0.0,7.0,0.0,77.0,0.0909090909090909,0.0
NC_003283.11,hsp-16.2,TTCAAGAA,1805573,1805580,dimer,1805580,A,+,78.0,0.0,1.0,0.0,79.0,0.0126582278481012,0.0
NC_003283.11,hsp-16.2,TTCGAGAA,1805836,1805843,dimer,1805842,A,+,120.0,0.0,0.0,0.0,120.0,0.0,0.0
NC_003283.11,hsp-16.2,TTCGAGAA,1805836,1805843,dimer,1805843,A,+,113.0,0.0,8.0,1.0,122.0,0.0655737704918032,0.1111111111111111
NC_003283.11,hsp-16.2,TTCAAGAA,1805968,1805975,dimer,1805974,A,+,38.0,0.0,2.0,0.0,40.0,0.05,0.0
NC_003283.11,hsp-16.2,TTCAAGAA,1805968,1805975,dimer,1805975,A,+,37.0,0.0,1.0,0.0,38.0,0.0263157894736842,0.0
NC_003283.11,hsp-16.2,gaaatttc,1806352,1806359,dimer,1806353,A,+,77.0,2.0,7.0,0.0,86.0,0.0813953488372093,0.0
NC_003283.11,hsp-16.2,gaaatttc,1806352,1806359,dimer,1806354,A,+,84.0,0.0,2.0,0.0,86.0,0.0232558139534883,0.0
NC_003283.11,hsp-16.2,gaaatttc,1806447,1806454,dimer,1806448,A,+,58.0,0.0,8.0,0.0,66.0,0.1212121212121212,0.0
NC_003283.11,hsp-16.2,gaaatttc,1806447,1806454,dimer,1806449,A,+,66.0,0.0,0.0,0.0,66.0,0.0,0.0
NC_003283.11,hsp-16.2,TTCTAGAACATTC,1805015,1805027,trimer,1805015,T,-,0.0,6.0,1.0,147.0,154.0,0.0389610389610389,0.0
NC_003283.11,hsp-16.2,TTCTAGAACATTC,1805015,1805027,trimer,1805016,T,-,0.0,4.0,0.0,148.0,152.0,0.0263157894736842,0.0
NC_003283.11,hsp-16.2,TTCTAGAACATTC,1805015,1805027,trimer,1805025,T,-,0.0,17.0,0.0,118.0,135.0,0.1259259259259259,0.0
NC_003283.11,hsp-16.2,TTCTAGAACATTC,1805015,1805027,trimer,1805026,T,-,4.0,9.0,0.0,122.0,135.0,0.0666666666666666,0.3076923076923077
NC_003283.11,hsp-16.2,TTCTAGAACATTC,1805169,1805181,trimer,1805169,T,-,0.0,0.0,0.0,53.0,53.0,0.0,0.0
NC_003283.11,hsp-16.2,TTCTAGAACATTC,1805169,1805181,trimer,1805170,T,-,0.0,0.0,0.0,53.0,53.0,0.0,0.0
NC_003283.11,hsp-16.2,TTCTAGAACATTC,1805169,1805181,trimer,1805179,T,-,0.0,0.0,0.0,47.0,47.0,0.0,0.0
NC_003283.11,hsp-16.2,TTCTAGAACATTC,1805169,1805181,trimer,1805180,T,-,0.0,2.0,0.0,45.0,47.0,0.0425531914893617,0.0
NC_003283.11,hsp-16.2,TTCAAGAA,1805573,1805580,dimer,1805573,T,-,0.0,16.0,1.0,100.0,117.0,0.1367521367521367,0.0
NC_003283.11,hsp-16.2,TTCAAGAA,1805573,1805580,dimer,1805574,T,-,0.0,10.0,0.0,92.0,102.0,0.0980392156862745,0.0
NC_003283.11,hsp-16.2,TTCGAGAA,1805836,1805843,dimer,1805836,T,-,4.0,18.0,2.0,211.0,235.0,0.076595744680851,0.18181818181818182
NC_003283.11,hsp-16.2,TTCGAGAA,1805836,1805843,dimer,1805837,T,-,2.0,18.0,0.0,215.0,235.0,0.076595744680851,0.1
NC_003283.11,hsp-16.2,TTCAAGAA,1805968,1805975,dimer,1805968,T,-,0.0,16.0,0.0,130.0,146.0,0.1095890410958904,0.0
NC_003283.11,hsp-16.2,TTCAAGAA,1805968,1805975,dimer,1805969,T,-,0.0,11.0,0.0,134.0,145.0,0.0758620689655172,0.0
NC_003283.11,hsp-16.2,gaaatttc,1806352,1806359,dimer,1806357,T,-,0.0,0.0,0.0,96.0,96.0,0.0,0.0
NC_003283.11,hsp-16.2,gaaatttc,1806352,1806359,dimer,1806358,T,-,0.0,5.0,0.0,91.0,96.0,0.0520833333333333,0.0
NC_003283.11,hsp-16.2,gaaatttc,1806447,1806454,dimer,1806452,T,-,0.0,4.0,0.0,49.0,53.0,0.0754716981132075,0.0
NC_003283.11,hsp-16.2,gaaatttc,1806447,1806454,dimer,1806453,T,-,0.0,4.0,1.0,48.0,53.0,0.0754716981132075,0.0
NC_003281.10,hsp-110,ttctagaaatttc,8447012,8447024,trimer,8447018,A,+,191.0,0.0,2.0,0.0,193.0,0.0103626943005181,0.0
NC_003281.10,hsp-110,ttctagaaatttc,8447012,8447024,trimer,8447019,A,+,186.0,0.0,6.0,0.0,192.0,0.03125,0.0
NC_003281.10,hsp-110,GAATATTCGAGAA,8447134,8447146,trimer,8447135,A,+,65.0,0.0,4.0,0.0,69.0,0.0579710144927536,0.0
NC_003281.10,hsp-110,GAATATTCGAGAA,8447134,8447146,trimer,8447136,A,+,66.0,0.0,3.0,1.0,70.0,0.0428571428571428,0.25
NC_003281.10,hsp-110,GAATATTCGAGAA,8447134,8447146,trimer,8447145,A,+,69.0,0.0,0.0,0.0,69.0,0.0,0.0
NC_003281.10,hsp-110,GAATATTCGAGAA,8447134,8447146,trimer,8447146,A,+,69.0,0.0,0.0,0.0,69.0,0.0,0.0
NC_003281.10,hsp-110,TTCTTGAA,8448039,8448046,dimer,8448045,A,+,113.0,0.0,30.0,0.0,143.0,0.2097902097902098,0.0
NC_003281.10,hsp-110,TTCTTGAA,8448039,8448046,dimer,8448046,A,+,139.0,0.0,4.0,0.0,143.0,0.0279720279720279,0.0
NC_003281.10,hsp-110,TTCCCGAA,8448593,8448600,dimer,8448599,A,+,101.0,0.0,10.0,0.0,111.0,0.09009009009009,0.0
NC_003281.10,hsp-110,TTCCCGAA,8448593,8448600,dimer,8448600,A,+,102.0,0.0,9.0,0.0,111.0,0.081081081081081,0.0
NC_003281.10,hsp-110,ttctagaaatttc,8447012,8447024,trimer,8447012,T,-,0.0,4.0,1.0,114.0,119.0,0.0336134453781512,0.0
NC_003281.10,hsp-110,ttctagaaatttc,8447012,8447024,trimer,8447013,T,-,0.0,5.0,1.0,112.0,118.0,0.0423728813559322,0.0
NC_003281.10,hsp-110,ttctagaaatttc,8447012,8447024,trimer,8447022,T,-,0.0,12.0,0.0,112.0,124.0,0.0967741935483871,0.0
NC_003281.10,hsp-110,ttctagaaatttc,8447012,8447024,trimer,8447023,T,-,0.0,11.0,1.0,110.0,122.0,0.0901639344262295,0.0
NC_003281.10,hsp-110,GAATATTCGAGAA,8447134,8447146,trimer,8447139,T,-,0.0,28.0,0.0,33.0,61.0,0.4590163934426229,0.0
NC_003281.10,hsp-110,GAATATTCGAGAA,8447134,8447146,trimer,8447140,T,-,0.0,6.0,0.0,55.0,61.0,0.0983606557377049,0.0
NC_003281.10,hsp-110,TTCTTGAA,8448039,8448046,dimer,8448039,T,-,0.0,4.0,1.0,65.0,70.0,0.0571428571428571,0.0
NC_003281.10,hsp-110,TTCTTGAA,8448039,8448046,dimer,8448040,T,-,0.0,1.0,0.0,73.0,74.0,0.0135135135135135,0.0
NC_003281.10,hsp-110,TTCCCGAA,8448593,8448600,dimer,8448593,T,-,0.0,7.0,0.0,81.0,88.0,0.0795454545454545,0.0
NC_003281.10,hsp-110,TTCCCGAA,8448593,8448600,dimer,8448594,T,-,0.0,3.0,0.0,87.0,90.0,0.0333333333333333,0.0
NC_003279.8,hsp-70,TTCTAGAACCTTC,9322580,9322592,trimer,9322586,A,+,121.0,0.0,18.0,0.0,139.0,0.1294964028776978,0.0
NC_003279.8,hsp-70,TTCTAGAACCTTC,9322580,9322592,trimer,9322587,A,+,112.0,0.0,27.0,0.0,139.0,0.1942446043165467,0.0
NC_003279.8,hsp-70,GAACGTTC,9322692,9322699,dimer,9322693,A,+,176.0,1.0,5.0,0.0,182.0,0.0274725274725274,0.0
NC_003279.8,hsp-70,GAACGTTC,9322692,9322699,dimer,9322694,A,+,176.0,0.0,7.0,0.0,183.0,0.0382513661202185,0.0
NC_003279.8,hsp-70,GAACTTTC,9322824,9322831,dimer,9322825,A,+,131.0,0.0,16.0,0.0,147.0,0.1088435374149659,0.0
NC_003279.8,hsp-70,GAACTTTC,9322824,9322831,dimer,9322826,A,+,131.0,1.0,14.0,1.0,147.0,0.0952380952380952,0.06666666666666667
NC_003279.8,hsp-70,ttccaGAA,9323232,9323239,dimer,9323238,A,+,77.0,0.0,0.0,0.0,77.0,0.0,0.0
NC_003279.8,hsp-70,ttccaGAA,9323232,9323239,dimer,9323239,A,+,77.0,0.0,0.0,0.0,77.0,0.0,0.0
NC_003279.8,hsp-70,GAATCTTC,9323432,9323439,dimer,9323433,A,+,125.0,0.0,8.0,0.0,133.0,0.0601503759398496,0.0
NC_003279.8,hsp-70,GAATCTTC,9323432,9323439,dimer,9323434,A,+,121.0,0.0,12.0,0.0,133.0,0.0902255639097744,0.0
NC_003279.8,hsp-70,GAAGATTC,9323504,9323511,dimer,9323505,A,+,181.0,0.0,5.0,0.0,186.0,0.0268817204301075,0.0
NC_003279.8,hsp-70,GAAGATTC,9323504,9323511,dimer,9323506,A,+,179.0,0.0,7.0,0.0,186.0,0.0376344086021505,0.0
NC_003279.8,hsp-70,TTCGAGAA,9323534,9323541,dimer,9323540,A,+,164.0,0.0,6.0,1.0,171.0,0.0350877192982456,0.14285714285714285
NC_003279.8,hsp-70,TTCGAGAA,9323534,9323541,dimer,9323541,A,+,157.0,0.0,22.0,0.0,179.0,0.1229050279329608,0.0
NC_003279.8,hsp-70,TTCTAGAACCTTC,9322580,9322592,trimer,9322580,T,-,0.0,6.0,0.0,90.0,96.0,0.0625,0.0
NC_003279.8,hsp-70,TTCTAGAACCTTC,9322580,9322592,trimer,9322581,T,-,0.0,4.0,0.0,90.0,94.0,0.0425531914893617,0.0
NC_003279.8,hsp-70,TTCTAGAACCTTC,9322580,9322592,trimer,9322590,T,-,0.0,13.0,0.0,92.0,105.0,0.1238095238095238,0.0
NC_003279.8,hsp-70,TTCTAGAACCTTC,9322580,9322592,trimer,9322591,T,-,0.0,1.0,0.0,101.0,102.0,0.0098039215686274,0.0
NC_003279.8,hsp-70,GAACGTTC,9322692,9322699,dimer,9322697,T,-,0.0,12.0,0.0,150.0,162.0,0.074074074074074,0.0
NC_003279.8,hsp-70,GAACGTTC,9322692,9322699,dimer,9322698,T,-,0.0,0.0,0.0,163.0,163.0,0.0,0.0
NC_003279.8,hsp-70,GAACTTTC,9322824,9322831,dimer,9322829,T,-,0.0,12.0,1.0,169.0,182.0,0.0659340659340659,0.0
NC_003279.8,hsp-70,GAACTTTC,9322824,9322831,dimer,9322830,T,-,0.0,26.0,2.0,163.0,191.0,0.1361256544502617,0.0
NC_003279.8,hsp-70,ttccaGAA,9323232,9323239,dimer,9323232,T,-,0.0,14.0,1.0,86.0,101.0,0.1386138613861386,0.0
NC_003279.8,hsp-70,ttccaGAA,9323232,9323239,dimer,9323233,T,-,0.0,3.0,0.0,96.0,99.0,0.0303030303030303,0.0
NC_003279.8,hsp-70,GAATCTTC,9323432,9323439,dimer,9323437,T,-,0.0,2.0,1.0,146.0,149.0,0.0134228187919463,0.0
NC_003279.8,hsp-70,GAATCTTC,9323432,9323439,dimer,9323438,T,-,0.0,10.0,0.0,138.0,148.0,0.0675675675675675,0.0
NC_003279.8,hsp-70,GAAGATTC,9323504,9323511,dimer,9323509,T,-,0.0,15.0,0.0,67.0,82.0,0.1829268292682926,0.0
NC_003279.8,hsp-70,GAAGATTC,9323504,9323511,dimer,9323510,T,-,0.0,6.0,0.0,73.0,79.0,0.0759493670886076,0.0
NC_003279.8,hsp-70,TTCGAGAA,9323534,9323541,dimer,9323534,T,-,3.0,8.0,0.0,77.0,88.0,0.0909090909090909,0.2727272727272727
NC_003279.8,hsp-70,TTCGAGAA,9323534,9323541,dimer,9323535,T,-,0.0,26.0,0.0,52.0,78.0,0.3333333333333333,0.0
NC_003280.10,F44E5.4,TTCTAGAAgcttctggaatattc,11759359,11759381,pentamer,11759365,A,+,246.0,1.0,1.0,0.0,248.0,0.0040322580645161,0.0
NC_003280.10,F44E5.4,TTCTAGAAgcttctggaatattc,11759359,11759381,pentamer,11759366,A,+,240.0,1.0,3.0,0.0,244.0,0.0122950819672131,0.0
NC_003280.10,F44E5.4,TTCTAGAAgcttctggaatattc,11759359,11759381,pentamer,11759375,A,+,235.0,0.0,28.0,0.0,263.0,0.1064638783269961,0.0
NC_003280.10,F44E5.4,TTCTAGAAgcttctggaatattc,11759359,11759381,pentamer,11759376,A,+,251.0,0.0,15.0,0.0,266.0,0.056390977443609,0.0
NC_003280.10,F44E5.4,TTCGAGAACGTTCTAGAACCTTC,11759431,11759453,pentamer,11759437,A,+,216.0,0.0,7.0,0.0,223.0,0.0313901345291479,0.0
NC_003280.10,F44E5.4,TTCGAGAACGTTCTAGAACCTTC,11759431,11759453,pentamer,11759438,A,+,207.0,0.0,17.0,0.0,224.0,0.0758928571428571,0.0
NC_003280.10,F44E5.4,TTCGAGAACGTTCTAGAACCTTC,11759431,11759453,pentamer,11759447,A,+,190.0,0.0,14.0,0.0,204.0,0.0686274509803921,0.0
NC_003280.10,F44E5.4,TTCGAGAACGTTCTAGAACCTTC,11759431,11759453,pentamer,11759448,A,+,190.0,0.0,11.0,0.0,201.0,0.0547263681592039,0.0
NC_003280.10,F44E5.4,GAATGttcgagaa,11759530,11759542,trimer,11759531,A,+,114.0,0.0,0.0,0.0,114.0,0.0,0.0
NC_003280.10,F44E5.4,GAATGttcgagaa,11759530,11759542,trimer,11759532,A,+,119.0,1.0,0.0,0.0,120.0,0.0,0.0
NC_003280.10,F44E5.4,GAATGttcgagaa,11759530,11759542,trimer,11759541,A,+,60.0,1.0,0.0,0.0,61.0,0.0,0.0
NC_003280.10,F44E5.4,GAATGttcgagaa,11759530,11759542,trimer,11759542,A,+,58.0,0.0,0.0,0.0,58.0,0.0,0.0
NC_003280.10,F44E5.4,gaatattccagaagcTTCTAGAA,11759582,11759604,pentamer,11759583,A,+,84.0,0.0,3.0,1.0,88.0,0.034090909090909,0.25
NC_003280.10,F44E5.4,gaatattccagaagcTTCTAGAA,11759582,11759604,pentamer,11759584,A,+,86.0,0.0,2.0,1.0,89.0,0.0224719101123595,0.3333333333333333
NC_003280.10,F44E5.4,gaatattccagaagcTTCTAGAA,11759582,11759604,pentamer,11759593,A,+,83.0,0.0,5.0,0.0,88.0,0.0568181818181818,0.0
NC_003280.10,F44E5.4,gaatattccagaagcTTCTAGAA,11759582,11759604,pentamer,11759594,A,+,75.0,0.0,12.0,0.0,87.0,0.1379310344827586,0.0
NC_003280.10,F44E5.4,gaatattccagaagcTTCTAGAA,11759582,11759604,pentamer,11759603,A,+,59.0,0.0,4.0,0.0,63.0,0.0634920634920634,0.0
NC_003280.10,F44E5.4,gaatattccagaagcTTCTAGAA,11759582,11759604,pentamer,11759604,A,+,53.0,0.0,10.0,0.0,63.0,0.1587301587301587,0.0
NC_003280.10,F44E5.4,TTCCGGAA,11760744,11760751,dimer,11760750,A,+,134.0,1.0,2.0,0.0,137.0,0.0145985401459854,0.0
NC_003280.10,F44E5.4,TTCCGGAA,11760744,11760751,dimer,11760751,A,+,124.0,1.0,9.0,0.0,134.0,0.0671641791044776,0.0
NC_003280.10,F44E5.4,gaaaattc,11760848,11760855,dimer,11760849,A,+,54.0,1.0,3.0,0.0,58.0,0.0517241379310344,0.0
NC_003280.10,F44E5.4,gaaaattc,11760848,11760855,dimer,11760850,A,+,51.0,0.0,7.0,0.0,58.0,0.1206896551724138,0.0
NC_003280.10,F44E5.4,GAACATTC,11761186,11761193,dimer,11761187,A,+,75.0,0.0,1.0,0.0,76.0,0.0131578947368421,0.0
NC_003280.10,F44E5.4,GAACATTC,11761186,11761193,dimer,11761188,A,+,75.0,0.0,2.0,0.0,77.0,0.0259740259740259,0.0
NC_003280.10,F44E5.4,TTCTAGAAgcttctggaatattc,11759359,11759381,pentamer,11759359,T,-,0.0,4.0,0.0,62.0,66.0,0.0606060606060606,0.0
NC_003280.10,F44E5.4,TTCTAGAAgcttctggaatattc,11759359,11759381,pentamer,11759360,T,-,0.0,3.0,0.0,63.0,66.0,0.0454545454545454,0.0
NC_003280.10,F44E5.4,TTCTAGAAgcttctggaatattc,11759359,11759381,pentamer,11759369,T,-,0.0,8.0,0.0,61.0,69.0,0.1159420289855072,0.0
NC_003280.10,F44E5.4,TTCTAGAAgcttctggaatattc,11759359,11759381,pentamer,11759370,T,-,0.0,10.0,0.0,59.0,69.0,0.144927536231884,0.0
NC_003280.10,F44E5.4,TTCTAGAAgcttctggaatattc,11759359,11759381,pentamer,11759379,T,-,0.0,13.0,0.0,58.0,71.0,0.1830985915492957,0.0
NC_003280.10,F44E5.4,TTCTAGAAgcttctggaatattc,11759359,11759381,pentamer,11759380,T,-,0.0,6.0,0.0,63.0,69.0,0.0869565217391304,0.0
NC_003280.10,F44E5.4,TTCGAGAACGTTCTAGAACCTTC,11759431,11759453,pentamer,11759431,T,-,0.0,15.0,0.0,80.0,95.0,0.1578947368421052,0.0
NC_003280.10,F44E5.4,TTCGAGAACGTTCTAGAACCTTC,11759431,11759453,pentamer,11759432,T,-,0.0,10.0,0.0,85.0,95.0,0.1052631578947368,0.0
NC_003280.10,F44E5.4,TTCGAGAACGTTCTAGAACCTTC,11759431,11759453,pentamer,11759441,T,-,0.0,16.0,0.0,103.0,119.0,0.134453781512605,0.0
NC_003280.10,F44E5.4,TTCGAGAACGTTCTAGAACCTTC,11759431,11759453,pentamer,11759442,T,-,0.0,18.0,0.0,101.0,119.0,0.1512605042016806,0.0
NC_003280.10,F44E5.4,TTCGAGAACGTTCTAGAACCTTC,11759431,11759453,pentamer,11759451,T,-,1.0,14.0,0.0,102.0,117.0,0.1196581196581196,0.06666666666666667
NC_003280.10,F44E5.4,TTCGAGAACGTTCTAGAACCTTC,11759431,11759453,pentamer,11759452,T,-,8.0,5.0,0.0,104.0,117.0,0.0427350427350427,0.6153846153846154
NC_003280.10,F44E5.4,GAATGttcgagaa,11759530,11759542,trimer,11759535,T,-,0.0,57.0,1.0,305.0,363.0,0.1570247933884297,0.0
NC_003280.10,F44E5.4,GAATGttcgagaa,11759530,11759542,trimer,11759536,T,-,1.0,26.0,1.0,323.0,351.0,0.074074074074074,0.037037037037037035
NC_003280.10,F44E5.4,gaatattccagaagcTTCTAGAA,11759582,11759604,pentamer,11759587,T,-,0.0,31.0,0.0,256.0,287.0,0.1080139372822299,0.0
NC_003280.10,F44E5.4,gaatattccagaagcTTCTAGAA,11759582,11759604,pentamer,11759588,T,-,0.0,19.0,1.0,253.0,273.0,0.0695970695970696,0.0
NC_003280.10,F44E5.4,gaatattccagaagcTTCTAGAA,11759582,11759604,pentamer,11759597,T,-,0.0,18.0,0.0,246.0,264.0,0.0681818181818181,0.0
NC_003280.10,F44E5.4,gaatattccagaagcTTCTAGAA,11759582,11759604,pentamer,11759598,T,-,0.0,8.0,0.0,250.0,258.0,0.0310077519379844,0.0
NC_003280.10,F44E5.4,TTCCGGAA,11760744,11760751,dimer,11760744,T,-,0.0,12.0,1.0,195.0,208.0,0.0576923076923076,0.0
NC_003280.10,F44E5.4,TTCCGGAA,11760744,11760751,dimer,11760745,T,-,0.0,2.0,0.0,202.0,204.0,0.0098039215686274,0.0
NC_003280.10,F44E5.4,gaaaattc,11760848,11760855,dimer,11760853,T,-,0.0,8.0,0.0,185.0,193.0,0.0414507772020725,0.0
NC_003280.10,F44E5.4,gaaaattc,11760848,11760855,dimer,11760854,T,-,0.0,16.0,0.0,178.0,194.0,0.0824742268041237,0.0
NC_003280.10,F44E5.4,GAACATTC,11761186,11761193,dimer,11761191,T,-,0.0,1.0,0.0,99.0,100.0,0.01,0.0
NC_003280.10,F44E5.4,GAACATTC,11761186,11761193,dimer,11761192,T,-,0.0,2.0,0.0,98.0,100.0,0.02,0.0
NC_003283.11,hsp-90,TTCATGAA,14683643,14683650,dimer,14683649,A,+,70.0,1.0,4.0,0.0,75.0,0.0533333333333333,0.0
NC_003283.11,hsp-90,TTCATGAA,14683643,14683650,dimer,14683650,A,+,71.0,0.0,6.0,0.0,77.0,0.0779220779220779,0.0
NC_003283.11,hsp-90,ttctagaa,14684601,14684608,dimer,14684607,A,+,300.0,1.0,51.0,1.0,353.0,0.1444759206798866,0.019230769230769232
NC_003283.11,hsp-90,ttctagaa,14684601,14684608,dimer,14684608,A,+,333.0,2.0,18.0,0.0,353.0,0.0509915014164305,0.0
NC_003283.11,hsp-90,ttctcgaatgttc,14684833,14684845,trimer,14684839,A,+,138.0,0.0,30.0,0.0,168.0,0.1785714285714285,0.0
NC_003283.11,hsp-90,ttctcgaatgttc,14684833,14684845,trimer,14684840,A,+,143.0,0.0,28.0,0.0,171.0,0.1637426900584795,0.0
NC_003283.11,hsp-90,ttctcgaaagttc,14684903,14684915,trimer,14684909,A,+,164.0,0.0,22.0,3.0,189.0,0.1164021164021164,0.12
NC_003283.11,hsp-90,ttctcgaaagttc,14684903,14684915,trimer,14684910,A,+,185.0,3.0,4.0,0.0,192.0,0.0208333333333333,0.0
NC_003283.11,hsp-90,TTCATGAA,14683643,14683650,dimer,14683643,T,-,1.0,21.0,0.0,84.0,106.0,0.1981132075471698,0.045454545454545456
NC_003283.11,hsp-90,TTCATGAA,14683643,14683650,dimer,14683644,T,-,1.0,9.0,0.0,94.0,104.0,0.0865384615384615,0.1
NC_003283.11,hsp-90,ttctagaa,14684601,14684608,dimer,14684601,T,-,0.0,18.0,2.0,223.0,243.0,0.074074074074074,0.0
NC_003283.11,hsp-90,ttctagaa,14684601,14684608,dimer,14684602,T,-,0.0,13.0,1.0,225.0,239.0,0.0543933054393305,0.0
NC_003283.11,hsp-90,ttctcgaatgttc,14684833,14684845,trimer,14684833,T,-,0.0,1.0,0.0,102.0,103.0,0.0097087378640776,0.0
NC_003283.11,hsp-90,ttctcgaatgttc,14684833,14684845,trimer,14684834,T,-,0.0,8.0,0.0,102.0,110.0,0.0727272727272727,0.0
NC_003283.11,hsp-90,ttctcgaatgttc,14684833,14684845,trimer,14684843,T,-,2.0,21.0,0.0,88.0,111.0,0.1891891891891892,0.08695652173913043
NC_003283.11,hsp-90,ttctcgaatgttc,14684833,14684845,trimer,14684844,T,-,0.0,0.0,0.0,111.0,111.0,0.0,0.0
NC_003283.11,hsp-90,ttctcgaaagttc,14684903,14684915,trimer,14684903,T,-,0.0,25.0,0.0,204.0,229.0,0.1091703056768559,0.0
NC_003283.11,hsp-90,ttctcgaaagttc,14684903,14684915,trimer,14684904,T,-,0.0,15.0,0.0,224.0,239.0,0.0627615062761506,0.0
NC_003283.11,hsp-90,ttctcgaaagttc,14684903,14684915,trimer,14684913,T,-,0.0,21.0,0.0,223.0,244.0,0.0860655737704918,0.0
NC_003283.11,hsp-90,ttctcgaaagttc,14684903,14684915,trimer,14684914,T,-,0.0,16.0,0.0,228.0,244.0,0.0655737704918032,0.0
NC_003280.10,wrt-1,GAACGTTCTCGaa,7529304,7529316,trimer,7529305,A,+,216.0,0.0,1.0,0.0,217.0,0.0046082949308755,0.0
NC_003280.10,wrt-1,GAACGTTCTCGaa,7529304,7529316,trimer,7529306,A,+,206.0,0.0,11.0,0.0,217.0,0.0506912442396313,0.0
NC_003280.10,wrt-1,GAACGTTCTCGaa,7529304,7529316,trimer,7529315,A,+,214.0,0.0,5.0,0.0,219.0,0.0228310502283105,0.0
NC_003280.10,wrt-1,GAACGTTCTCGaa,7529304,7529316,trimer,7529316,A,+,208.0,0.0,11.0,0.0,219.0,0.0502283105022831,0.0
NC_003280.10,wrt-1,TTCCAGAA,7530745,7530752,dimer,7530751,A,+,56.0,0.0,4.0,0.0,60.0,0.0666666666666666,0.0
NC_003280.10,wrt-1,TTCCAGAA,7530745,7530752,dimer,7530752,A,+,60.0,0.0,0.0,0.0,60.0,0.0,0.0
NC_003280.10,wrt-1,GAACGTTCTCGaa,7529304,7529316,trimer,7529309,T,-,0.0,12.0,0.0,247.0,259.0,0.0463320463320463,0.0
NC_003280.10,wrt-1,GAACGTTCTCGaa,7529304,7529316,trimer,7529310,T,-,10.0,13.0,0.0,236.0,259.0,0.0501930501930501,0.43478260869565216
NC_003280.10,wrt-1,TTCCAGAA,7530745,7530752,dimer,7530745,T,-,0.0,13.0,0.0,134.0,147.0,0.0884353741496598,0.0
NC_003280.10,wrt-1,TTCCAGAA,7530745,7530752,dimer,7530746,T,-,0.0,15.0,0.0,134.0,149.0,0.1006711409395973,0.0
NC_003283.11,hsp-16.49,GAATGTTCTAGAA,9089865,9089877,trimer,9089866,A,+,97.0,1.0,5.0,0.0,103.0,0.0485436893203883,0.0
NC_003283.11,hsp-16.49,GAATGTTCTAGAA,9089865,9089877,trimer,9089867,A,+,96.0,0.0,6.0,1.0,103.0,0.058252427184466,0.14285714285714285
NC_003283.11,hsp-16.49,GAATGTTCTAGAA,9089865,9089877,trimer,9089876,A,+,97.0,1.0,10.0,0.0,108.0,0.0925925925925925,0.0
NC_003283.11,hsp-16.49,GAATGTTCTAGAA,9089865,9089877,trimer,9089877,A,+,104.0,0.0,5.0,0.0,109.0,0.0458715596330275,0.0
NC_003283.11,hsp-16.49,GAATGTTCTAGAA,9090019,9090031,trimer,9090020,A,+,83.0,0.0,23.0,0.0,106.0,0.2169811320754717,0.0
NC_003283.11,hsp-16.49,GAATGTTCTAGAA,9090019,9090031,trimer,9090021,A,+,102.0,0.0,10.0,0.0,112.0,0.0892857142857142,0.0
NC_003283.11,hsp-16.49,GAATGTTCTAGAA,9090019,9090031,trimer,9090030,A,+,133.0,1.0,0.0,0.0,134.0,0.0,0.0
NC_003283.11,hsp-16.49,GAATGTTCTAGAA,9090019,9090031,trimer,9090031,A,+,140.0,0.0,3.0,0.0,143.0,0.0209790209790209,0.0
NC_003283.11,hsp-16.49,GAATCTTC,9090229,9090236,dimer,9090230,A,+,165.0,1.0,7.0,0.0,173.0,0.0404624277456647,0.0
NC_003283.11,hsp-16.49,GAATCTTC,9090229,9090236,dimer,9090231,A,+,142.0,0.0,28.0,1.0,171.0,0.1637426900584795,0.034482758620689655
NC_003283.11,hsp-16.49,GAACGTTC,9091120,9091127,dimer,9091121,A,+,77.0,0.0,2.0,0.0,79.0,0.0253164556962025,0.0
NC_003283.11,hsp-16.49,GAACGTTC,9091120,9091127,dimer,9091122,A,+,75.0,0.0,3.0,0.0,78.0,0.0384615384615384,0.0
NC_003283.11,hsp-16.49,GAATGTTCTAGAA,9089865,9089877,trimer,9089870,T,-,0.0,3.0,0.0,70.0,73.0,0.0410958904109589,0.0
NC_003283.11,hsp-16.49,GAATGTTCTAGAA,9089865,9089877,trimer,9089871,T,-,0.0,11.0,0.0,62.0,73.0,0.1506849315068493,0.0
NC_003283.11,hsp-16.49,GAATGTTCTAGAA,9090019,9090031,trimer,9090024,T,-,0.0,7.0,0.0,130.0,137.0,0.0510948905109489,0.0
NC_003283.11,hsp-16.49,GAATGTTCTAGAA,9090019,9090031,trimer,9090025,T,-,0.0,5.0,1.0,122.0,128.0,0.0390625,0.0
NC_003283.11,hsp-16.49,GAATCTTC,9090229,9090236,dimer,9090234,T,-,0.0,2.0,0.0,158.0,160.0,0.0125,0.0
NC_003283.11,hsp-16.49,GAATCTTC,9090229,9090236,dimer,9090235,T,-,0.0,13.0,1.0,131.0,145.0,0.0896551724137931,0.0
NC_003283.11,hsp-16.49,GAACGTTC,9091120,9091127,dimer,9091125,T,-,0.0,7.0,1.0,74.0,82.0,0.0853658536585365,0.0
NC_003283.11,hsp-16.49,GAACGTTC,9091120,9091127,dimer,9091126,T,-,0.0,1.0,0.0,81.0,82.0,0.0121951219512195,0.0
NC_003279.8,hsp-12.1,GAAAGTTC,10583205,10583212,dimer,10583206,A,+,148.0,0.0,13.0,0.0,161.0,0.0807453416149068,0.0
NC_003279.8,hsp-12.1,GAAAGTTC,10583205,10583212,dimer,10583207,A,+,140.0,2.0,14.0,0.0,156.0,0.0897435897435897,0.0
NC_003279.8,hsp-12.1,GAATTTTC,10583374,10583381,dimer,10583375,A,+,192.0,0.0,11.0,0.0,203.0,0.0541871921182266,0.0
NC_003279.8,hsp-12.1,GAATTTTC,10583374,10583381,dimer,10583376,A,+,181.0,0.0,23.0,1.0,205.0,0.1121951219512195,0.041666666666666664
NC_003279.8,hsp-12.1,TTCCAGAA,10583508,10583515,dimer,10583514,A,+,98.0,0.0,2.0,0.0,100.0,0.02,0.0
NC_003279.8,hsp-12.1,TTCCAGAA,10583508,10583515,dimer,10583515,A,+,97.0,0.0,5.0,0.0,102.0,0.0490196078431372,0.0
NC_003279.8,hsp-12.1,TTCCAGAA,10583526,10583533,dimer,10583532,A,+,69.0,0.0,4.0,0.0,73.0,0.0547945205479452,0.0
NC_003279.8,hsp-12.1,TTCCAGAA,10583526,10583533,dimer,10583533,A,+,67.0,0.0,6.0,0.0,73.0,0.0821917808219178,0.0
NC_003279.8,hsp-12.1,gaaaattc,10584107,10584114,dimer,10584108,A,+,63.0,0.0,8.0,0.0,71.0,0.1126760563380281,0.0
NC_003279.8,hsp-12.1,gaaaattc,10584107,10584114,dimer,10584109,A,+,67.0,0.0,2.0,0.0,69.0,0.0289855072463768,0.0
NC_003279.8,hsp-12.1,GAAAGTTC,10583205,10583212,dimer,10583210,T,-,0.0,21.0,0.0,168.0,189.0,0.1111111111111111,0.0
NC_003279.8,hsp-12.1,GAAAGTTC,10583205,10583212,dimer,10583211,T,-,0.0,12.0,0.0,177.0,189.0,0.0634920634920634,0.0
NC_003279.8,hsp-12.1,GAATTTTC,10583374,10583381,dimer,10583379,T,-,0.0,5.0,1.0,58.0,64.0,0.078125,0.0
NC_003279.8,hsp-12.1,GAATTTTC,10583374,10583381,dimer,10583380,T,-,0.0,5.0,0.0,59.0,64.0,0.078125,0.0
NC_003279.8,hsp-12.1,TTCCAGAA,10583508,10583515,dimer,10583508,T,-,0.0,2.0,0.0,76.0,78.0,0.0256410256410256,0.0
NC_003279.8,hsp-12.1,TTCCAGAA,10583508,10583515,dimer,10583509,T,-,0.0,4.0,0.0,70.0,74.0,0.054054054054054,0.0
NC_003279.8,hsp-12.1,TTCCAGAA,10583526,10583533,dimer,10583526,T,-,0.0,1.0,0.0,71.0,72.0,0.0138888888888888,0.0
NC_003279.8,hsp-12.1,TTCCAGAA,10583526,10583533,dimer,10583527,T,-,0.0,0.0,0.0,72.0,72.0,0.0,0.0
NC_003279.8,hsp-12.1,gaaaattc,10584107,10584114,dimer,10584112,T,-,0.0,5.0,0.0,104.0,109.0,0.0458715596330275,0.0
NC_003279.8,hsp-12.1,gaaaattc,10584107,10584114,dimer,10584113,T,-,1.0,4.0,0.0,103.0,108.0,0.037037037037037,0.2
NC_003280.10,wrt-10,GAACTTTC,7536143,7536150,dimer,7536144,A,+,129.0,0.0,7.0,0.0,136.0,0.0514705882352941,0.0
NC_003280.10,wrt-10,GAACTTTC,7536143,7536150,dimer,7536145,A,+,130.0,1.0,5.0,0.0,136.0,0.0367647058823529,0.0
NC_003280.10,wrt-10,GAACTTTC,7536143,7536150,dimer,7536148,T,-,0.0,7.0,0.0,161.0,168.0,0.0416666666666666,0.0
NC_003280.10,wrt-10,GAACTTTC,7536143,7536150,dimer,7536149,T,-,0.0,19.0,2.0,143.0,164.0,0.1158536585365853,0.0
